file,label,score,edge_silence,trimmed_detected,key_trim
DF_E_2514895.flac,real,7.792969,0.014,1,1
DF_E_2085571.flac,real,7.478516,0.009,1,1
DF_E_2014659.flac,real,8.039062,0.014,1,1
DF_E_2596638.flac,real,8.347656,0.019,1,1
DF_E_2218038.flac,real,7.900391,0.023,1,1
DF_E_2190734.flac,real,8.337891,0.013,1,1
DF_E_2183748.flac,real,-2.947266,0.019,1,1
DF_E_2103101.flac,real,7.357422,0.018,1,1
DF_E_2592891.flac,real,8.025391,0.019,1,1
DF_E_2081221.flac,real,7.583984,0.024,1,1
DF_E_2549118.flac,real,7.697266,0.008,1,1
DF_E_2745305.flac,real,2.347168,0.004,1,1
DF_E_2726885.flac,real,7.785156,0.015,1,1
DF_E_2455412.flac,real,5.472656,0.005,1,1
DF_E_2068264.flac,real,8.177734,0.004,1,1
DF_E_2480904.flac,real,8.001953,0.020,1,1
DF_E_2353385.flac,real,7.906250,0.004,1,1
DF_E_2017141.flac,real,7.728516,0.014,1,1
DF_E_2016746.flac,real,8.009766,0.019,1,1
DF_E_2072294.flac,real,8.107422,0.012,1,1
DF_E_2176397.flac,real,0.167654,0.004,1,1
DF_E_2186973.flac,real,7.044922,0.004,1,1
DF_E_2422583.flac,real,8.000000,0.004,1,1
DF_E_2493727.flac,real,7.582031,0.003,1,1
DF_E_2014695.flac,real,5.464844,0.025,1,1
DF_E_2461118.flac,real,6.673828,0.014,1,1
DF_E_2154243.flac,real,7.910156,0.015,1,1
DF_E_2573585.flac,real,7.900391,0.024,1,1
DF_E_2524281.flac,real,6.865234,0.004,1,1
DF_E_2564674.flac,real,7.125000,0.009,1,1
DF_E_2732105.flac,real,7.980469,0.024,1,1
DF_E_2351994.flac,real,6.792969,0.024,1,1
DF_E_2177683.flac,real,4.236328,0.020,1,1
DF_E_2375392.flac,real,7.572266,0.009,1,1
DF_E_2480456.flac,real,8.314453,0.019,1,1
DF_E_2223993.flac,real,8.144531,0.014,1,1
DF_E_2655566.flac,real,8.197266,0.015,1,1
DF_E_2004476.flac,real,7.390625,0.009,1,1
DF_E_2614950.flac,real,7.560547,0.019,1,1
DF_E_2653292.flac,real,4.117188,0.010,1,1
DF_E_2123779.flac,real,-7.996094,0.010,1,1
DF_E_2562322.flac,real,-2.432617,0.025,1,1
DF_E_2734094.flac,real,8.246094,0.009,1,1
DF_E_2282669.flac,real,8.244141,0.004,1,1
DF_E_2699980.flac,real,7.115234,0.004,1,1
DF_E_2115283.flac,real,8.140625,0.003,1,1
DF_E_2175859.flac,real,7.849609,0.004,1,1
DF_E_2618485.flac,real,8.134766,0.004,1,1
DF_E_2279288.flac,real,7.421875,0.024,1,1
DF_E_2738726.flac,real,4.475586,0.018,1,1
DF_E_2722764.flac,real,7.791016,0.004,1,1
DF_E_2327729.flac,real,7.468750,0.004,1,1
DF_E_2078174.flac,real,-1.913086,0.005,1,1
DF_E_2306914.flac,real,8.093750,0.003,1,1
DF_E_2284701.flac,real,7.792969,0.007,1,1
DF_E_2493987.flac,real,5.611328,0.015,1,1
DF_E_2205388.flac,real,7.148438,0.015,1,1
DF_E_2655428.flac,real,7.832031,0.009,1,1
DF_E_2025871.flac,real,8.037109,0.004,1,1
DF_E_2586944.flac,real,5.210938,0.010,1,1
DF_E_2386997.flac,real,7.882812,0.019,1,1
DF_E_2450789.flac,real,8.033203,0.004,1,1
DF_E_2090917.flac,real,-1.852051,0.024,1,1
DF_E_2327131.flac,real,8.025391,0.019,1,1
DF_E_2060304.flac,real,5.617188,0.024,1,1
DF_E_2458033.flac,real,2.470215,0.008,1,1
DF_E_2242054.flac,real,-0.992432,0.003,1,1
DF_E_2506131.flac,real,7.619141,0.004,1,1
DF_E_2503496.flac,real,8.167969,0.005,1,1
DF_E_2309182.flac,real,8.046875,0.018,1,1
DF_E_2470548.flac,real,6.478516,0.024,1,1
DF_E_2145358.flac,real,7.699219,0.008,1,1
DF_E_2564956.flac,real,7.654297,0.024,1,1
DF_E_2048051.flac,real,4.216797,0.014,1,1
DF_E_2027002.flac,real,7.722656,0.014,1,1
DF_E_2539228.flac,real,7.351562,0.019,1,1
DF_E_2185094.flac,real,7.437500,0.009,1,1
DF_E_2627742.flac,real,7.767578,0.023,1,1
DF_E_2238919.flac,real,7.431641,0.009,1,1
DF_E_2646903.flac,real,-7.347656,0.014,1,1
DF_E_2715737.flac,real,7.289062,0.019,1,1
DF_E_2080936.flac,real,8.107422,0.024,1,1
DF_E_2664853.flac,real,7.419922,0.019,1,1
DF_E_2683615.flac,real,7.460938,0.019,1,1
DF_E_2379895.flac,real,7.591797,0.009,1,1
DF_E_2514752.flac,real,-6.357422,0.025,1,1
DF_E_2310881.flac,real,3.354492,0.009,1,1
DF_E_2127610.flac,real,7.917969,0.009,1,1
DF_E_2318571.flac,real,7.863281,0.015,1,1
DF_E_2297917.flac,real,7.929688,0.024,1,1
DF_E_2165034.flac,real,7.664062,0.048,1,1
DF_E_2547982.flac,real,7.781250,0.004,1,1
DF_E_2205646.flac,real,8.111328,0.004,1,1
DF_E_2708225.flac,real,7.835938,0.019,1,1
DF_E_2553434.flac,real,7.425781,0.008,1,1
DF_E_2524065.flac,real,-2.500000,0.049,1,1
DF_E_2052118.flac,real,7.988281,0.004,1,1
DF_E_2495185.flac,real,4.577148,0.009,1,1
DF_E_2614227.flac,real,6.937500,0.025,1,1
DF_E_2132655.flac,real,-2.721680,0.019,1,1
DF_E_2450564.flac,real,7.730469,0.004,1,1
DF_E_2743218.flac,real,7.669922,0.003,1,1
DF_E_2609486.flac,real,8.128906,0.004,1,1
DF_E_2388319.flac,real,8.017578,0.008,1,1
DF_E_2677690.flac,real,4.814453,0.009,1,1
DF_E_2210777.flac,real,7.154297,0.019,1,1
DF_E_2749181.flac,real,-6.308594,0.015,1,1
DF_E_2556124.flac,real,6.683594,0.014,1,1
DF_E_2460819.flac,real,7.789062,0.009,1,1
DF_E_2703547.flac,real,-2.636719,0.025,1,1
DF_E_2553702.flac,real,8.201172,0.004,1,1
DF_E_2267657.flac,real,4.185547,0.010,1,1
DF_E_2040571.flac,real,-2.197754,0.005,1,1
DF_E_2185647.flac,real,-8.517578,0.024,1,1
DF_E_2724109.flac,real,-0.379211,0.015,1,1
DF_E_2255931.flac,real,8.080078,0.022,1,1
DF_E_2338303.flac,real,7.189453,0.009,1,1
DF_E_2209563.flac,real,7.771484,0.019,1,1
DF_E_2044652.flac,real,6.457031,0.009,1,1
DF_E_2171382.flac,real,4.067383,0.019,1,1
DF_E_2467550.flac,real,6.939453,0.008,1,1
DF_E_2689779.flac,real,6.847656,0.019,1,1
DF_E_2557909.flac,real,7.919922,0.009,1,1
DF_E_2529136.flac,real,8.263672,0.014,1,1
DF_E_2420663.flac,real,8.160156,0.015,1,1
DF_E_2335968.flac,real,7.697266,0.004,1,1
DF_E_2520653.flac,real,8.251953,0.024,1,1
DF_E_2382426.flac,real,7.585938,0.019,1,1
DF_E_2105876.flac,real,6.603516,0.009,1,1
DF_E_2660064.flac,real,7.277344,0.014,1,1
DF_E_2741373.flac,real,5.578125,0.014,1,1
DF_E_2192564.flac,real,7.697266,0.019,1,1
DF_E_2709540.flac,real,2.361816,0.014,1,1
DF_E_2453575.flac,real,7.998047,0.014,1,1
DF_E_2203836.flac,real,4.798828,0.004,1,1
DF_E_2473745.flac,real,6.851562,0.004,1,1
DF_E_2362501.flac,real,7.105469,0.005,1,1
DF_E_2473681.flac,real,6.906250,0.015,1,1
DF_E_2337098.flac,real,7.281250,0.019,1,1
DF_E_2641855.flac,real,7.046875,0.015,1,1
DF_E_2570720.flac,real,7.607422,0.014,1,1
DF_E_2102830.flac,real,8.091797,0.023,1,1
DF_E_2423781.flac,real,5.527344,0.023,1,1
DF_E_2415244.flac,real,7.738281,0.009,1,1
DF_E_2070304.flac,real,8.244141,0.008,1,1
DF_E_2034070.flac,real,7.541016,0.024,1,1
DF_E_2085402.flac,real,7.875000,0.004,1,1
DF_E_2113022.flac,real,8.076172,0.013,1,1
DF_E_2642406.flac,real,7.916016,0.009,1,1
DF_E_2690004.flac,real,7.798828,0.024,1,1
DF_E_2686876.flac,real,7.978516,0.004,1,1
DF_E_2487064.flac,real,6.992188,0.020,1,1
DF_E_2044364.flac,real,7.443359,0.003,1,1
DF_E_2329633.flac,real,8.312500,0.018,1,1
DF_E_2329021.flac,real,8.087891,0.019,1,1
DF_E_2511369.flac,real,-1.810547,0.005,1,1
DF_E_2390315.flac,real,8.119141,0.014,1,1
DF_E_2445676.flac,real,7.078125,0.023,1,1
DF_E_2194771.flac,real,8.156250,0.014,1,1
DF_E_2459472.flac,real,-6.304688,0.025,1,1
DF_E_2006075.flac,real,-2.194336,0.025,1,1
DF_E_2086226.flac,real,5.619141,0.019,1,1
DF_E_2649321.flac,real,7.599609,0.010,1,1
DF_E_2597529.flac,real,7.824219,0.019,1,1
DF_E_2685308.flac,real,8.248047,0.009,1,1
DF_E_2748496.flac,real,4.526367,0.003,1,1
DF_E_2643737.flac,real,7.884766,0.009,1,1
DF_E_2367583.flac,real,5.396484,0.024,1,1
DF_E_2117933.flac,real,7.798828,0.019,1,1
DF_E_2692690.flac,real,8.066406,0.023,1,1
DF_E_2001832.flac,real,8.240234,0.023,1,1
DF_E_2631478.flac,real,7.896484,0.009,1,1
DF_E_2421108.flac,real,-8.308594,0.010,1,1
DF_E_2134261.flac,real,8.000000,0.025,1,1
DF_E_2422715.flac,real,-6.134766,0.004,1,1
DF_E_2083662.flac,real,6.921875,0.014,1,1
DF_E_2242429.flac,real,7.687500,0.025,1,1
DF_E_2594043.flac,real,3.574219,0.015,1,1
DF_E_2708959.flac,real,8.113281,0.004,1,1
DF_E_2587810.flac,real,7.845703,0.024,1,1
DF_E_2320434.flac,real,8.156250,0.003,1,1
DF_E_2126472.flac,real,7.126953,0.019,1,1
DF_E_2454339.flac,real,8.162109,0.025,1,1
DF_E_2449301.flac,real,7.925781,0.024,1,1
DF_E_2000246.flac,real,8.259766,0.024,1,1
DF_E_2266411.flac,real,8.162109,0.019,1,1
DF_E_2413482.flac,real,8.105469,0.018,1,1
DF_E_2011339.flac,real,5.447266,0.009,1,1
DF_E_2493023.flac,real,7.732422,0.010,1,1
DF_E_2528367.flac,real,0.852539,0.023,1,1
DF_E_2248552.flac,real,7.771484,0.004,1,1
DF_E_2188370.flac,real,7.750000,0.024,1,1
DF_E_2041523.flac,real,8.064453,0.019,1,1
DF_E_2189334.flac,real,6.675781,0.018,1,1
DF_E_2619447.flac,real,7.708984,0.014,1,1
DF_E_2064163.flac,real,7.992188,0.024,1,1
DF_E_2406363.flac,real,7.888672,0.014,1,1
DF_E_2634352.flac,real,7.976562,0.003,1,1
DF_E_2449689.flac,real,7.957031,0.004,1,1
DF_E_2092163.flac,real,6.724609,0.008,1,1
DF_E_2094006.flac,real,6.494141,0.019,1,1
DF_E_2397965.flac,real,-2.274902,0.015,1,1
DF_E_2127922.flac,real,7.792969,0.018,1,1
DF_E_2600836.flac,real,8.218750,0.004,1,1
DF_E_2506163.flac,real,-8.570312,0.024,1,1
DF_E_2570489.flac,real,-2.393555,0.024,1,1
DF_E_2155405.flac,real,7.968750,0.018,1,1
DF_E_2255337.flac,real,8.222656,0.009,1,1
DF_E_2528966.flac,real,8.087891,0.048,1,1
DF_E_2469673.flac,real,-1.315430,0.019,1,1
DF_E_2369164.flac,real,7.730469,0.015,1,1
DF_E_2378915.flac,real,8.050781,0.012,1,1
DF_E_2088090.flac,real,8.052734,0.014,1,1
DF_E_2542141.flac,real,-1.434082,0.019,1,1
DF_E_2184399.flac,real,7.382812,0.010,1,1
DF_E_2505521.flac,real,7.736328,0.020,1,1
DF_E_2282103.flac,real,8.341797,0.014,1,1
DF_E_2011518.flac,real,6.664062,0.023,1,1
DF_E_2488598.flac,real,-8.753906,0.024,1,1
DF_E_2222320.flac,real,8.093750,0.014,1,1
DF_E_2589762.flac,real,7.326172,0.010,1,1
DF_E_2419886.flac,real,7.937500,0.024,1,1
DF_E_2514869.flac,real,8.177734,0.022,1,1
DF_E_2730990.flac,real,6.347656,0.002,1,1
DF_E_2018660.flac,real,-3.150391,0.019,1,1
DF_E_2602391.flac,real,8.136719,0.009,1,1
DF_E_2553872.flac,real,8.035156,0.019,1,1
DF_E_2723477.flac,real,8.080078,0.012,1,1
DF_E_2737395.flac,real,3.725586,0.024,1,1
DF_E_2018548.flac,real,8.115234,0.018,1,1
DF_E_2425103.flac,real,7.992188,0.004,1,1
DF_E_2010993.flac,real,5.884766,0.020,1,1
DF_E_2362747.flac,real,8.410156,0.004,1,1
DF_E_2502213.flac,real,7.263672,0.009,1,1
DF_E_2573390.flac,real,8.103516,0.004,1,1
DF_E_2197262.flac,real,8.039062,0.024,1,1
DF_E_2087403.flac,real,7.535156,0.024,1,1
DF_E_2545633.flac,real,6.708984,0.004,1,1
DF_E_2274320.flac,real,8.095703,0.019,1,1
DF_E_2189744.flac,real,7.384766,0.019,1,1
DF_E_2473159.flac,real,8.240234,0.004,1,1
DF_E_2578286.flac,real,7.869141,0.004,1,1
DF_E_2558157.flac,real,8.117188,0.005,1,1
DF_E_2500041.flac,real,7.691406,0.004,1,1
DF_E_2369442.flac,real,-0.777100,0.015,1,1
DF_E_2234503.flac,real,3.022461,0.020,1,1
DF_E_2235172.flac,real,8.146484,0.022,1,1
DF_E_2187302.flac,real,7.083984,0.004,1,1
DF_E_2088931.flac,real,7.970703,0.023,1,1
DF_E_2331582.flac,real,7.425781,0.009,1,1
DF_E_2374585.flac,real,7.667969,0.005,1,1
DF_E_2338800.flac,real,8.349609,0.025,1,1
DF_E_2161706.flac,real,7.574219,0.024,1,1
DF_E_2076724.flac,real,6.748047,0.024,1,1
DF_E_2708730.flac,real,7.201172,0.009,1,1
DF_E_2353890.flac,real,7.003906,0.024,1,1
DF_E_2269517.flac,real,4.205078,0.014,1,1
DF_E_2682234.flac,real,7.695312,0.019,1,1
DF_E_2134255.flac,real,7.279297,0.009,1,1
DF_E_2438665.flac,real,6.849609,0.009,1,1
DF_E_2164029.flac,real,-4.223633,0.024,1,1
DF_E_2618507.flac,real,7.892578,0.004,1,1
DF_E_2610083.flac,real,7.937500,0.024,1,1
DF_E_2710663.flac,real,7.929688,0.010,1,1
DF_E_2674302.flac,real,8.117188,0.004,1,1
DF_E_2268038.flac,real,8.216797,0.013,1,1
DF_E_2541042.flac,real,8.355469,0.014,1,1
DF_E_2034086.flac,real,8.396484,0.009,1,1
DF_E_2399596.flac,real,7.900391,0.008,1,1
DF_E_2158809.flac,real,7.652344,0.004,1,1
DF_E_2344297.flac,real,8.173828,0.018,1,1
DF_E_2131921.flac,real,-4.311523,0.025,1,1
DF_E_2039312.flac,real,8.056641,0.003,1,1
DF_E_2648637.flac,real,8.097656,0.019,1,1
DF_E_2664308.flac,real,8.222656,0.009,1,1
DF_E_2535734.flac,real,8.066406,0.009,1,1
DF_E_2559223.flac,real,6.908203,0.013,1,1
DF_E_2741918.flac,real,8.031250,0.023,1,1
DF_E_2540322.flac,real,8.259766,0.009,1,1
DF_E_2349074.flac,real,8.091797,0.020,1,1
DF_E_2517241.flac,real,8.048828,0.009,1,1
DF_E_2690111.flac,real,7.800781,0.004,1,1
DF_E_2186041.flac,real,7.638672,0.013,1,1
DF_E_2330596.flac,real,5.880859,0.005,1,1
DF_E_2021505.flac,real,-4.841797,0.030,1,1
DF_E_2177932.flac,real,8.197266,0.015,1,1
DF_E_2743904.flac,real,7.203125,0.024,1,1
DF_E_2559897.flac,real,7.412109,0.020,1,1
DF_E_2746534.flac,real,8.224609,0.010,1,1
DF_E_2566078.flac,real,7.197266,0.004,1,1
DF_E_2396470.flac,real,8.121094,0.013,1,1
DF_E_2694362.flac,real,8.144531,0.025,1,1
DF_E_2634101.flac,real,7.699219,0.004,1,1
DF_E_2579893.flac,real,8.105469,0.002,1,1
DF_E_2063894.flac,real,7.113281,0.009,1,1
DF_E_2391367.flac,real,8.171875,0.018,1,1
DF_E_2381305.flac,real,0.500488,0.009,1,1
DF_E_2705162.flac,real,7.689453,0.019,1,1
DF_E_2484634.flac,real,7.896484,0.024,1,1
DF_E_2438003.flac,real,8.083984,0.024,1,1
DF_E_2434805.flac,real,7.753906,0.024,1,1
DF_E_2286929.flac,real,7.998047,0.024,1,1
DF_E_2144379.flac,real,6.931641,0.005,1,1
DF_E_2466311.flac,real,7.636719,0.009,1,1
DF_E_2149061.flac,real,7.951172,0.014,1,1
DF_E_2099612.flac,real,6.882812,0.004,1,1
DF_E_2629526.flac,real,4.558594,0.019,1,1
DF_E_2548641.flac,real,7.982422,0.009,1,1
DF_E_2647667.flac,real,-6.025391,0.024,1,1
DF_E_2618056.flac,real,7.630859,0.019,1,1
DF_E_2660866.flac,real,7.562500,0.004,1,1
DF_E_2059725.flac,real,7.890625,0.009,1,1
DF_E_2505389.flac,real,2.299805,0.009,1,1
DF_E_2109401.flac,real,8.117188,0.024,1,1
DF_E_2083730.flac,real,8.029297,0.004,1,1
DF_E_2015900.flac,real,7.980469,0.004,1,1
DF_E_2625347.flac,real,-2.273926,0.009,1,1
DF_E_2298319.flac,real,8.253906,0.008,1,1
DF_E_2339796.flac,real,7.767578,0.023,1,1
DF_E_2484953.flac,real,3.322266,0.019,1,1
DF_E_2645189.flac,real,7.113281,0.024,1,1
DF_E_2307603.flac,real,7.632812,0.019,1,1
DF_E_2240746.flac,real,8.097656,0.017,1,1
DF_E_2457199.flac,real,8.113281,0.023,1,1
DF_E_2500846.flac,real,7.308594,0.009,1,1
DF_E_2442393.flac,real,8.039062,0.014,1,1
DF_E_2455291.flac,real,8.144531,0.024,1,1
DF_E_2471459.flac,real,-7.626953,0.024,1,1
DF_E_2197220.flac,real,7.744141,0.004,1,1
DF_E_2022925.flac,real,-4.744141,0.018,1,1
DF_E_2667937.flac,real,7.105469,0.008,1,1
DF_E_2467253.flac,real,7.875000,0.008,1,1
DF_E_2418251.flac,real,-8.230469,0.005,1,1
DF_E_2287558.flac,real,7.460938,0.025,1,1
DF_E_2336775.flac,real,7.777344,0.009,1,1
DF_E_2044138.flac,real,6.808594,0.014,1,1
DF_E_2603527.flac,real,7.732422,0.024,1,1
DF_E_2553231.flac,real,8.193359,0.024,1,1
DF_E_2226836.flac,real,7.623047,0.014,1,1
DF_E_2601019.flac,real,4.830078,0.005,1,1
DF_E_2244303.flac,real,8.275391,0.004,1,1
DF_E_2095189.flac,real,8.082031,0.014,1,1
DF_E_2673233.flac,real,7.349609,0.007,1,1
DF_E_2198910.flac,real,7.910156,0.003,1,1
DF_E_2521121.flac,real,7.853516,0.004,1,1
DF_E_2339754.flac,real,4.771484,0.004,1,1
DF_E_2078494.flac,real,7.779297,0.024,1,1
DF_E_2564063.flac,real,-0.720703,0.019,1,1
DF_E_2128685.flac,real,8.169922,0.004,1,1
DF_E_2467879.flac,real,7.166016,0.004,1,1
DF_E_2058184.flac,real,8.156250,0.004,1,1
DF_E_2398431.flac,real,4.941406,0.004,1,1
DF_E_2374067.flac,real,7.419922,0.004,1,1
DF_E_2320048.flac,real,7.988281,0.024,1,1
DF_E_2143060.flac,real,7.931641,0.009,1,1
DF_E_2572008.flac,real,7.900391,0.019,1,1
DF_E_2411265.flac,real,7.996094,0.004,1,1
DF_E_2503753.flac,real,-4.004883,0.015,1,1
DF_E_2683231.flac,real,7.242188,0.019,1,1
DF_E_2103381.flac,real,7.640625,0.019,1,1
DF_E_2242106.flac,real,7.748047,0.004,1,1
DF_E_2735229.flac,real,8.253906,0.024,1,1
DF_E_2099933.flac,real,7.349609,0.010,1,1
DF_E_2368180.flac,real,8.208984,0.004,1,1
DF_E_2583565.flac,real,8.304688,0.009,1,1
DF_E_2376142.flac,real,7.810547,0.004,1,1
DF_E_2583026.flac,real,0.478394,0.018,1,1
DF_E_2731761.flac,real,8.228516,0.009,1,1
DF_E_2394461.flac,real,7.072266,0.004,1,1
DF_E_2044250.flac,real,8.062500,0.009,1,1
DF_E_2260590.flac,real,-6.156250,0.005,1,1
DF_E_2589845.flac,real,7.914062,0.004,1,1
DF_E_2700934.flac,real,8.320312,0.018,1,1
DF_E_2461079.flac,real,-5.412109,0.025,1,1
DF_E_2100811.flac,real,8.140625,0.019,1,1
DF_E_2703730.flac,real,6.531250,0.023,1,1
DF_E_2414506.flac,real,6.474609,0.020,1,1
DF_E_2469987.flac,real,7.978516,0.020,1,1
DF_E_2580451.flac,real,7.955078,0.004,1,1
DF_E_2193484.flac,real,2.600586,0.010,1,1
DF_E_2662514.flac,real,8.074219,0.019,1,1
DF_E_2258153.flac,real,7.648438,0.024,1,1
DF_E_2739447.flac,real,7.898438,0.024,1,1
DF_E_2344983.flac,real,8.041016,0.014,1,1
DF_E_2641962.flac,real,7.798828,0.014,1,1
DF_E_2342328.flac,real,8.275391,0.009,1,1
DF_E_2551040.flac,real,8.074219,0.009,1,1
DF_E_2198913.flac,real,7.273438,0.019,1,1
DF_E_2233111.flac,real,7.507812,0.018,1,1
DF_E_2659429.flac,real,7.806641,0.019,1,1
DF_E_2273073.flac,real,7.578125,0.024,1,1
DF_E_2317215.flac,real,7.523438,0.019,1,1
DF_E_2045834.flac,real,8.208984,0.008,1,1
DF_E_2470100.flac,real,7.730469,0.024,1,1
DF_E_2111779.flac,real,5.703125,0.004,1,1
DF_E_2035190.flac,real,4.641602,0.019,1,1
DF_E_2455054.flac,real,1.136719,0.005,1,1
DF_E_2143035.flac,real,7.972656,0.004,1,1
DF_E_2538676.flac,real,6.943359,0.014,1,1
DF_E_2266409.flac,real,7.019531,0.005,1,1
DF_E_2425334.flac,real,5.708984,0.009,1,1
DF_E_2422578.flac,real,5.878906,0.010,1,1
DF_E_2006743.flac,real,7.783203,0.002,1,1
DF_E_2012547.flac,real,8.166016,0.024,1,1
DF_E_2712596.flac,real,8.078125,0.024,1,1
DF_E_2578290.flac,real,8.173828,0.014,1,1
DF_E_2499122.flac,real,6.751953,0.024,1,1
DF_E_2271728.flac,real,6.234375,0.019,1,1
DF_E_2548878.flac,real,8.011719,0.024,1,1
DF_E_2164099.flac,real,4.798828,0.025,1,1
DF_E_2187157.flac,real,8.291016,0.019,1,1
DF_E_2660475.flac,real,6.599609,0.014,1,1
DF_E_2374016.flac,real,8.197266,0.009,1,1
DF_E_2477097.flac,real,3.850586,0.015,1,1
DF_E_2634370.flac,real,7.623047,0.018,1,1
DF_E_2140072.flac,real,7.724609,0.019,1,1
DF_E_2068643.flac,real,7.943359,0.019,1,1
DF_E_2174487.flac,real,0.592285,0.019,1,1
DF_E_2459927.flac,real,1.644531,0.008,1,1
DF_E_2494977.flac,real,7.847656,0.020,1,1
DF_E_2010501.flac,real,8.023438,0.009,1,1
DF_E_2005033.flac,real,1.856934,0.009,1,1
DF_E_2346639.flac,real,6.972656,0.024,1,1
DF_E_2717531.flac,real,7.945312,0.014,1,1
DF_E_2195728.flac,real,7.904297,0.009,1,1
DF_E_2003108.flac,real,7.291016,0.003,1,1
DF_E_2291142.flac,real,4.528320,0.005,1,1
DF_E_2057886.flac,real,8.171875,0.009,1,1
DF_E_2353031.flac,real,-2.558594,0.009,1,1
DF_E_2329702.flac,real,7.046875,0.004,1,1
DF_E_2251393.flac,real,8.021484,0.018,1,1
DF_E_2286257.flac,real,7.566406,0.025,1,1
DF_E_2086923.flac,real,7.023438,0.024,1,1
DF_E_2507833.flac,real,8.093750,0.024,1,1
DF_E_2325081.flac,real,7.738281,0.024,1,1
DF_E_2313250.flac,real,3.153320,0.009,1,1
DF_E_2696085.flac,real,8.351562,0.009,1,1
DF_E_2140975.flac,real,7.960938,0.014,1,1
DF_E_2245870.flac,real,7.896484,0.014,1,1
DF_E_2283065.flac,real,7.675781,0.003,1,1
DF_E_2505154.flac,real,7.757812,0.014,1,1
DF_E_2436155.flac,real,7.919922,0.005,1,1
DF_E_2402530.flac,real,8.193359,0.009,1,1
DF_E_2133080.flac,real,8.101562,0.015,1,1
DF_E_2618488.flac,real,-6.250000,0.025,1,1
DF_E_2227892.flac,real,7.947266,0.019,1,1
DF_E_2388676.flac,real,7.533203,0.019,1,1
DF_E_2701680.flac,real,7.783203,0.009,1,1
DF_E_2248052.flac,real,8.003906,0.019,1,1
DF_E_2638553.flac,real,1.170410,0.024,1,1
DF_E_2083623.flac,real,7.291016,0.005,1,1
DF_E_2353841.flac,real,8.265625,0.008,1,1
DF_E_2211595.flac,real,8.193359,0.009,1,1
DF_E_2456556.flac,real,7.835938,0.018,1,1
DF_E_2365559.flac,real,-6.701172,0.025,1,1
DF_E_2061584.flac,real,6.902344,0.014,1,1
DF_E_2025148.flac,real,4.837891,0.038,1,1
DF_E_2403468.flac,real,8.005859,0.019,1,1
DF_E_2107538.flac,real,-1.864258,0.020,1,1
DF_E_2329092.flac,real,6.587891,0.015,1,1
DF_E_2429246.flac,real,4.742188,0.015,1,1
DF_E_2390278.flac,real,8.011719,0.004,1,1
DF_E_2255429.flac,real,-8.371094,0.014,1,1
DF_E_2149436.flac,real,7.898438,0.024,1,1
DF_E_2636269.flac,real,7.919922,0.019,1,1
DF_E_2248317.flac,real,8.193359,0.014,1,1
DF_E_2440045.flac,real,7.898438,0.009,1,1
DF_E_2137151.flac,real,7.966797,0.009,1,1
DF_E_2332473.flac,real,0.230286,0.024,1,1
DF_E_2708609.flac,real,8.042969,0.019,1,1
DF_E_2132825.flac,real,8.050781,0.020,1,1
DF_E_2110691.flac,real,7.667969,0.019,1,1
DF_E_2713368.flac,real,7.818359,0.024,1,1
DF_E_2483866.flac,fake,8.210938,0.064,1,1
DF_E_2409417.flac,fake,8.349609,0.009,1,1
DF_E_2102920.flac,fake,8.435547,0.060,1,1
DF_E_2410029.flac,fake,8.341797,0.044,1,1
DF_E_2519264.flac,fake,8.365234,0.034,1,1
DF_E_2746282.flac,fake,8.267578,0.009,1,1
DF_E_2589724.flac,fake,8.365234,0.013,1,1
DF_E_2488851.flac,fake,8.375000,0.009,1,1
DF_E_2046225.flac,fake,8.345703,0.009,1,1
DF_E_2170946.flac,fake,8.242188,0.059,1,1
DF_E_2386684.flac,fake,8.451172,0.023,1,1
DF_E_2264173.flac,fake,8.119141,0.052,1,1
DF_E_2390830.flac,fake,8.283203,0.055,1,1
DF_E_2060300.flac,fake,8.367188,0.024,1,1
DF_E_2163569.flac,fake,8.375000,0.044,1,1
DF_E_2640112.flac,fake,8.376953,0.015,1,1
DF_E_2512113.flac,fake,8.451172,0.003,1,1
DF_E_2456713.flac,fake,8.373047,0.058,1,1
DF_E_2642518.flac,fake,8.324219,0.024,1,1
DF_E_2748576.flac,fake,8.242188,0.034,1,1
DF_E_2172652.flac,fake,8.402344,0.009,1,1
DF_E_2567543.flac,fake,8.423828,0.010,1,1
DF_E_2282010.flac,fake,8.472656,0.014,1,1
DF_E_2377374.flac,fake,8.470703,0.028,1,1
DF_E_2069183.flac,fake,8.439453,0.067,1,1
DF_E_2641767.flac,fake,8.296875,0.002,1,1
DF_E_2003923.flac,fake,8.349609,0.008,1,1
DF_E_2292335.flac,fake,8.275391,0.074,1,1
DF_E_2538803.flac,fake,8.343750,0.009,1,1
DF_E_2634458.flac,fake,8.376953,0.024,1,1
DF_E_2104576.flac,fake,8.335938,0.018,1,1
DF_E_2486823.flac,fake,8.324219,0.004,1,1
DF_E_2456782.flac,fake,8.304688,0.014,1,1
DF_E_2184840.flac,fake,8.416016,0.014,1,1
DF_E_2435995.flac,fake,8.419922,0.005,1,1
DF_E_2742804.flac,fake,8.359375,0.005,0,1
DF_E_2449454.flac,fake,8.322266,0.002,1,1
DF_E_2601830.flac,fake,8.361328,0.015,1,1
DF_E_2478883.flac,fake,8.070312,0.029,1,1
DF_E_2593756.flac,fake,7.761719,0.070,1,1
DF_E_2431207.flac,fake,8.103516,0.029,1,1
DF_E_2189087.flac,fake,8.431641,0.058,1,1
DF_E_2284656.flac,fake,8.437500,0.058,1,1
DF_E_2618964.flac,fake,8.419922,0.010,1,1
DF_E_2560713.flac,fake,8.314453,0.004,1,1
DF_E_2257762.flac,fake,8.392578,0.063,1,1
DF_E_2436711.flac,fake,8.089844,0.074,1,1
DF_E_2599025.flac,fake,8.355469,0.014,1,1
DF_E_2000979.flac,fake,8.378906,0.061,1,1
DF_E_2441924.flac,fake,8.402344,0.003,1,1
DF_E_2420722.flac,fake,8.205078,0.064,1,1
DF_E_2311735.flac,fake,8.281250,0.074,1,1
DF_E_2632591.flac,fake,7.871094,0.074,1,1
DF_E_2472477.flac,fake,8.367188,0.004,1,1
DF_E_2688441.flac,fake,8.429688,0.059,1,1
DF_E_2651103.flac,fake,8.378906,0.059,1,1
DF_E_2651272.flac,fake,7.968750,0.059,1,1
DF_E_2315857.flac,fake,8.371094,0.034,1,1
DF_E_2748359.flac,fake,8.386719,0.017,1,1
DF_E_2698553.flac,fake,8.349609,0.024,1,1
DF_E_2252020.flac,fake,8.009766,0.064,1,1
DF_E_2127546.flac,fake,8.414062,0.020,1,1
DF_E_2415909.flac,fake,8.029297,0.004,1,1
DF_E_2495385.flac,fake,8.404297,0.025,1,1
DF_E_2140241.flac,fake,8.382812,0.024,1,1
DF_E_2346917.flac,fake,8.375000,0.023,1,1
DF_E_2451411.flac,fake,8.400391,0.018,1,1
DF_E_2332917.flac,fake,8.505859,0.008,1,1
DF_E_2294558.flac,fake,8.408203,0.054,1,1
DF_E_2217426.flac,fake,8.570312,0.024,1,1
DF_E_2041514.flac,fake,8.425781,0.004,1,1
DF_E_2072011.flac,fake,8.378906,0.006,1,1
DF_E_2361461.flac,fake,8.427734,0.073,1,1
DF_E_2700884.flac,fake,8.388672,0.023,1,1
DF_E_2108928.flac,fake,8.337891,0.024,1,1
DF_E_2673800.flac,fake,8.349609,0.088,1,1
DF_E_2610500.flac,fake,8.240234,0.010,1,1
DF_E_2287699.flac,fake,8.339844,0.029,1,1
DF_E_2566316.flac,fake,8.451172,0.004,1,1
DF_E_2725051.flac,fake,8.361328,0.029,1,1
DF_E_2589709.flac,fake,8.345703,0.044,1,1
DF_E_2360635.flac,fake,8.406250,0.009,1,1
DF_E_2217481.flac,fake,8.310547,0.050,1,1
DF_E_2010683.flac,fake,8.281250,0.059,1,1
DF_E_2160801.flac,fake,8.472656,0.019,1,1
DF_E_2624804.flac,fake,8.466797,0.013,1,1
DF_E_2325927.flac,fake,8.074219,0.009,1,1
DF_E_2260039.flac,fake,8.392578,0.014,1,1
DF_E_2687899.flac,fake,8.353516,0.058,1,1
DF_E_2078734.flac,fake,8.296875,0.055,1,1
DF_E_2367389.flac,fake,8.287109,0.059,1,1
DF_E_2179769.flac,fake,8.414062,0.068,1,1
DF_E_2675668.flac,fake,8.363281,0.024,1,1
DF_E_2196977.flac,fake,8.464844,0.036,1,1
DF_E_2687953.flac,fake,8.382812,0.025,1,1
DF_E_2463614.flac,fake,8.382812,0.064,1,1
DF_E_2651883.flac,fake,7.794922,0.034,1,1
DF_E_2739449.flac,fake,8.437500,0.054,1,1
DF_E_2626662.flac,fake,8.412109,0.005,1,1
DF_E_2658252.flac,fake,8.550781,0.024,1,1
DF_E_2238666.flac,fake,8.333984,0.069,1,1
DF_E_2700421.flac,fake,8.337891,0.030,1,1
DF_E_2664581.flac,fake,8.375000,0.032,1,1
DF_E_2385057.flac,fake,8.486328,0.005,1,1
DF_E_2364980.flac,fake,8.423828,0.009,1,1
DF_E_2407010.flac,fake,8.439453,0.034,1,1
DF_E_2711848.flac,fake,8.425781,0.022,1,1
DF_E_2352482.flac,fake,8.277344,0.068,1,1
DF_E_2404251.flac,fake,8.375000,0.005,1,1
DF_E_2648013.flac,fake,8.335938,0.009,1,1
DF_E_2116707.flac,fake,8.417969,0.028,1,1
DF_E_2418968.flac,fake,8.458984,0.064,1,1
DF_E_2346586.flac,fake,8.447266,0.013,1,1
DF_E_2400320.flac,fake,8.355469,0.068,1,1
DF_E_2497342.flac,fake,8.341797,0.022,1,1
DF_E_2469146.flac,fake,8.412109,0.024,1,1
DF_E_2121992.flac,fake,8.267578,0.073,1,1
DF_E_2203945.flac,fake,8.517578,0.025,1,1
DF_E_2223739.flac,fake,8.361328,0.019,1,1
DF_E_2341913.flac,fake,8.458984,0.028,1,1
DF_E_2565500.flac,fake,8.470703,0.003,1,1
DF_E_2225658.flac,fake,8.373047,0.004,1,1
DF_E_2316730.flac,fake,8.410156,0.009,1,1
DF_E_2096731.flac,fake,8.345703,0.048,1,1
DF_E_2610712.flac,fake,8.375000,0.009,1,1
DF_E_2600889.flac,fake,8.445312,0.024,1,1
DF_E_2488342.flac,fake,8.376953,0.013,1,1
DF_E_2689771.flac,fake,8.376953,0.054,1,1
DF_E_2611900.flac,fake,8.337891,0.024,1,1
DF_E_2092631.flac,fake,8.410156,0.024,1,1
DF_E_2306621.flac,fake,8.267578,0.009,1,1
DF_E_2618019.flac,fake,8.384766,0.013,1,1
DF_E_2575996.flac,fake,8.451172,0.023,1,1
DF_E_2032604.flac,fake,8.476562,0.009,1,1
DF_E_2562449.flac,fake,8.105469,0.064,1,1
DF_E_2702861.flac,fake,8.328125,0.029,1,1
DF_E_2011190.flac,fake,8.527344,0.024,1,1
DF_E_2519873.flac,fake,8.349609,0.015,1,1
DF_E_2434010.flac,fake,8.113281,0.010,1,1
DF_E_2576445.flac,fake,8.365234,0.044,1,1
DF_E_2615940.flac,fake,7.535156,0.099,1,1
DF_E_2328560.flac,fake,8.337891,0.039,1,1
DF_E_2715468.flac,fake,8.396484,0.003,1,1
DF_E_2326782.flac,fake,8.353516,0.059,1,1
DF_E_2402067.flac,fake,8.505859,0.004,1,1
DF_E_2641646.flac,fake,8.458984,0.010,1,1
DF_E_2713322.flac,fake,8.453125,0.004,1,1
DF_E_2048483.flac,fake,8.048828,0.015,1,1
DF_E_2575234.flac,fake,8.376953,0.023,1,1
DF_E_2497802.flac,fake,8.244141,0.043,1,1
DF_E_2596839.flac,fake,8.482422,0.049,1,1
DF_E_2245797.flac,fake,8.318359,0.020,1,1
DF_E_2691643.flac,fake,8.380859,0.044,1,1
DF_E_2190477.flac,fake,8.437500,0.004,1,1
DF_E_2045487.flac,fake,8.421875,0.020,1,1
DF_E_2582835.flac,fake,8.308594,0.059,1,1
DF_E_2045837.flac,fake,8.394531,0.024,1,1
DF_E_2126587.flac,fake,8.480469,0.019,1,1
DF_E_2631451.flac,fake,8.199219,0.063,1,1
DF_E_2200444.flac,fake,8.353516,0.024,1,1
DF_E_2683451.flac,fake,8.472656,0.014,1,1
DF_E_2269774.flac,fake,8.400391,0.064,1,1
DF_E_2386096.flac,fake,8.437500,0.024,1,1
DF_E_2482367.flac,fake,8.281250,0.033,1,1
DF_E_2313594.flac,fake,8.425781,0.019,1,1
DF_E_2672579.flac,fake,8.376953,0.039,1,1
DF_E_2480968.flac,fake,8.431641,0.072,1,1
DF_E_2499896.flac,fake,8.353516,0.014,1,1
DF_E_2409131.flac,fake,8.365234,0.014,1,1
DF_E_2620129.flac,fake,8.421875,0.023,1,1
DF_E_2372961.flac,fake,8.412109,0.004,1,1
DF_E_2123600.flac,fake,8.376953,0.028,1,1
DF_E_2694733.flac,fake,8.376953,0.014,1,1
DF_E_2032504.flac,fake,8.425781,0.073,1,1
DF_E_2080425.flac,fake,8.363281,0.074,1,1
DF_E_2517810.flac,fake,8.402344,0.027,1,1
DF_E_2332338.flac,fake,8.304688,0.010,1,1
DF_E_2101840.flac,fake,8.419922,0.063,1,1
DF_E_2062731.flac,fake,8.351562,0.015,1,1
DF_E_2051162.flac,fake,8.417969,0.020,1,1
DF_E_2295146.flac,fake,8.472656,0.020,1,1
DF_E_2033799.flac,fake,8.332031,0.009,1,1
DF_E_2225195.flac,fake,8.357422,0.049,1,1
DF_E_2351796.flac,fake,8.437500,0.038,1,1
DF_E_2187138.flac,fake,8.404297,0.019,1,1
DF_E_2698754.flac,fake,8.210938,0.028,1,1
DF_E_2170023.flac,fake,8.312500,0.044,1,1
DF_E_2324304.flac,fake,8.460938,0.039,1,1
DF_E_2379196.flac,fake,8.333984,0.003,1,1
DF_E_2545281.flac,fake,8.353516,0.068,1,1
DF_E_2249901.flac,fake,8.367188,0.054,1,1
DF_E_2170055.flac,fake,8.386719,0.009,1,1
DF_E_2244791.flac,fake,8.302734,0.048,1,1
DF_E_2452804.flac,fake,8.455078,0.024,1,1
DF_E_2162966.flac,fake,8.365234,0.025,1,1
DF_E_2042543.flac,fake,8.353516,0.015,1,1
DF_E_2453650.flac,fake,8.373047,0.039,1,1
DF_E_2555476.flac,fake,8.357422,0.035,1,1
DF_E_2585898.flac,fake,8.431641,0.003,1,1
DF_E_2293372.flac,fake,8.310547,0.008,1,1
DF_E_2115013.flac,fake,8.318359,0.039,1,1
DF_E_2357857.flac,fake,8.433594,0.012,1,1
DF_E_2152504.flac,fake,8.375000,0.059,1,1
DF_E_2437980.flac,fake,8.324219,0.042,1,1
DF_E_2179552.flac,fake,8.273438,0.058,1,1
DF_E_2064673.flac,fake,8.371094,0.018,1,1
DF_E_2514813.flac,fake,8.390625,0.073,1,1
DF_E_2631316.flac,fake,8.445312,0.024,1,1
DF_E_2547815.flac,fake,8.474609,0.039,1,1
DF_E_2102427.flac,fake,8.380859,0.054,1,1
DF_E_2740648.flac,fake,8.302734,0.009,1,1
DF_E_2504633.flac,fake,8.339844,0.064,1,1
DF_E_2021646.flac,fake,8.443359,0.014,1,1
DF_E_2717700.flac,fake,8.408203,0.024,1,1
DF_E_2159590.flac,fake,8.419922,0.024,1,1
DF_E_2637899.flac,fake,8.216797,0.064,1,1
DF_E_2536543.flac,fake,8.429688,0.028,1,1
DF_E_2680598.flac,fake,8.429688,0.005,1,1
DF_E_2226096.flac,fake,8.308594,0.023,1,1
DF_E_2640881.flac,fake,8.398438,0.064,1,1
DF_E_2260622.flac,fake,8.410156,0.019,1,1
DF_E_2398391.flac,fake,8.388672,0.024,1,1
DF_E_2710858.flac,fake,8.468750,0.004,1,1
DF_E_2688183.flac,fake,8.078125,0.019,1,1
DF_E_2640902.flac,fake,8.466797,0.052,1,1
DF_E_2395015.flac,fake,8.279297,0.024,1,1
DF_E_2472755.flac,fake,8.349609,0.003,1,1
DF_E_2362592.flac,fake,8.316406,0.029,1,1
DF_E_2129909.flac,fake,8.343750,0.068,1,1
DF_E_2409542.flac,fake,8.363281,0.014,1,1
DF_E_2666977.flac,fake,8.453125,0.036,1,1
DF_E_2360617.flac,fake,8.388672,0.050,1,1
DF_E_2560511.flac,fake,8.373047,0.053,1,1
DF_E_2498054.flac,fake,8.517578,0.035,1,1
DF_E_2048257.flac,fake,7.912109,0.074,1,1
DF_E_2476930.flac,fake,8.386719,0.015,1,1
DF_E_2269775.flac,fake,8.117188,0.123,1,1
DF_E_2714544.flac,fake,8.246094,0.009,1,1
DF_E_2314168.flac,fake,8.375000,0.032,1,1
DF_E_2523910.flac,fake,6.974609,0.064,1,1
DF_E_2383145.flac,fake,8.119141,0.029,1,1
DF_E_2504045.flac,fake,8.458984,0.019,1,1
DF_E_2410737.flac,fake,8.511719,0.014,1,1
DF_E_2405923.flac,fake,8.472656,0.048,1,1
DF_E_2019024.flac,fake,8.501953,0.044,1,1
DF_E_2283375.flac,fake,8.470703,0.068,1,1
DF_E_2128925.flac,fake,8.457031,0.003,1,1
DF_E_2355770.flac,fake,8.382812,0.032,1,1
DF_E_2599492.flac,fake,8.171875,0.029,1,1
DF_E_2715639.flac,fake,8.316406,0.064,1,1
DF_E_2353969.flac,fake,8.417969,0.025,1,1
DF_E_2701683.flac,fake,8.486328,0.019,1,1
DF_E_2719032.flac,fake,8.384766,0.033,1,1
DF_E_2662599.flac,fake,8.404297,0.069,1,1
DF_E_2029828.flac,fake,8.369141,0.008,1,1
DF_E_2139664.flac,fake,8.410156,0.023,1,1
DF_E_2429661.flac,fake,8.427734,0.019,1,1
DF_E_2329395.flac,fake,8.419922,0.024,1,1
DF_E_2359546.flac,fake,8.359375,0.024,1,1
DF_E_2445209.flac,fake,8.457031,0.018,1,1
DF_E_2545628.flac,fake,8.423828,0.024,1,1
DF_E_2508036.flac,fake,8.453125,0.014,1,1
DF_E_2625606.flac,fake,8.343750,0.015,1,1
DF_E_2488293.flac,fake,8.488281,0.010,1,1
DF_E_2519891.flac,fake,8.363281,0.069,1,1
DF_E_2671551.flac,fake,8.431641,0.018,1,1
DF_E_2399247.flac,fake,8.386719,0.004,1,1
DF_E_2445547.flac,fake,8.472656,0.025,1,1
DF_E_2371288.flac,fake,8.398438,0.068,1,1
DF_E_2341070.flac,fake,8.396484,0.004,1,1
DF_E_2179048.flac,fake,8.310547,0.044,1,1
DF_E_2285470.flac,fake,8.275391,0.068,1,1
DF_E_2460094.flac,fake,8.273438,0.064,1,1
DF_E_2177804.flac,fake,8.353516,0.038,1,1
DF_E_2275263.flac,fake,8.425781,0.073,1,1
DF_E_2284266.flac,fake,8.398438,0.007,1,1
DF_E_2320149.flac,fake,8.412109,0.004,1,1
DF_E_2711578.flac,fake,8.500000,0.009,1,1
DF_E_2406057.flac,fake,8.457031,0.004,1,1
DF_E_2415139.flac,fake,8.324219,0.015,1,1
DF_E_2150155.flac,fake,8.335938,0.014,1,1
DF_E_2287338.flac,fake,8.404297,0.023,1,1
DF_E_2431441.flac,fake,8.205078,0.057,1,1
DF_E_2336885.flac,fake,8.511719,0.009,1,1
DF_E_2534289.flac,fake,8.357422,0.039,1,1
DF_E_2265918.flac,fake,8.466797,0.024,1,1
DF_E_2439749.flac,fake,7.140625,0.060,1,1
DF_E_2024122.flac,fake,7.500000,0.039,1,1
DF_E_2187401.flac,fake,8.369141,0.044,1,1
DF_E_2403818.flac,fake,8.359375,0.040,1,1
DF_E_2070575.flac,fake,8.400391,0.019,1,1
DF_E_2083459.flac,fake,8.375000,0.004,1,1
DF_E_2427391.flac,fake,8.390625,0.012,1,1
DF_E_2719144.flac,fake,8.335938,0.042,1,1
DF_E_2154417.flac,fake,7.890625,0.074,1,1
DF_E_2021263.flac,fake,8.353516,0.023,1,1
DF_E_2416485.flac,fake,8.412109,0.017,1,1
DF_E_2693930.flac,fake,8.376953,0.008,1,1
DF_E_2704489.flac,fake,8.451172,0.054,1,1
DF_E_2649061.flac,fake,8.267578,0.050,1,1
DF_E_2504152.flac,fake,8.408203,0.014,1,1
DF_E_2274525.flac,fake,8.412109,0.009,1,1
DF_E_2079728.flac,fake,8.419922,0.074,1,1
DF_E_2373110.flac,fake,8.408203,0.019,1,1
DF_E_2703641.flac,fake,8.447266,0.004,1,1
DF_E_2169907.flac,fake,8.433594,0.011,1,1
DF_E_2097581.flac,fake,8.421875,0.074,1,1
DF_E_2590726.flac,fake,8.255859,0.025,0,1
DF_E_2719897.flac,fake,8.326172,0.013,1,1
DF_E_2110289.flac,fake,8.365234,0.025,1,1
DF_E_2082608.flac,fake,8.447266,0.024,1,1
DF_E_2224813.flac,fake,8.460938,0.004,1,1
DF_E_2220671.flac,fake,8.435547,0.024,1,1
DF_E_2127992.flac,fake,8.455078,0.005,1,1
DF_E_2366187.flac,fake,7.976562,0.052,1,1
DF_E_2176048.flac,fake,8.373047,0.048,1,1
DF_E_2612151.flac,fake,8.369141,0.048,1,1
DF_E_2334016.flac,fake,8.388672,0.020,1,1
DF_E_2666654.flac,fake,8.482422,0.009,1,1
DF_E_2651902.flac,fake,8.357422,0.009,1,1
DF_E_2432344.flac,fake,8.437500,0.025,1,1
DF_E_2631732.flac,fake,8.166016,0.044,1,1
DF_E_2443897.flac,fake,8.382812,0.049,1,1
DF_E_2090169.flac,fake,8.419922,0.047,1,1
DF_E_2148529.flac,fake,8.457031,0.017,1,1
DF_E_2307909.flac,fake,8.164062,0.067,1,1
DF_E_2313110.flac,fake,8.480469,0.024,1,1
DF_E_2390071.flac,fake,8.474609,0.004,1,1
DF_E_2122863.flac,fake,8.474609,0.009,1,1
DF_E_2235765.flac,fake,8.328125,0.058,1,1
DF_E_2353701.flac,fake,8.335938,0.037,1,1
DF_E_2257110.flac,fake,8.423828,0.009,1,1
DF_E_2112107.flac,fake,8.179688,0.044,1,1
DF_E_2234789.flac,fake,8.386719,0.019,1,1
DF_E_2005747.flac,fake,8.494141,0.019,1,1
DF_E_2601853.flac,fake,8.376953,0.024,1,1
DF_E_2694398.flac,fake,8.261719,0.074,1,1
DF_E_2425073.flac,fake,8.433594,0.058,1,1
DF_E_2053222.flac,fake,8.390625,0.024,1,1
DF_E_2342139.flac,fake,8.373047,0.004,1,1
DF_E_2422456.flac,fake,8.359375,0.074,1,1
DF_E_2414579.flac,fake,8.316406,0.009,1,1
DF_E_2671796.flac,fake,8.421875,0.004,1,1
DF_E_2107713.flac,fake,8.431641,0.023,1,1
DF_E_2344543.flac,fake,8.390625,0.023,1,1
DF_E_2292908.flac,fake,8.408203,0.004,1,1
DF_E_2170189.flac,fake,8.416016,0.009,1,1
DF_E_2333104.flac,fake,8.373047,0.025,1,1
DF_E_2220356.flac,fake,8.333008,0.031,1,1
DF_E_2391031.flac,fake,8.447266,0.014,1,1
DF_E_2209176.flac,fake,8.339844,0.019,1,1
DF_E_2107748.flac,fake,8.398438,0.004,1,1
DF_E_2089535.flac,fake,8.423828,0.024,1,1
DF_E_2247542.flac,fake,8.333984,0.068,1,1
DF_E_2446987.flac,fake,8.447266,0.007,1,1
DF_E_2422835.flac,fake,8.462891,0.009,1,1
DF_E_2646647.flac,fake,8.259766,0.059,1,1
DF_E_2184387.flac,fake,7.880859,0.005,1,1
DF_E_2693003.flac,fake,8.519531,0.024,1,1
DF_E_2442014.flac,fake,8.214844,0.058,1,1
DF_E_2593786.flac,fake,8.351562,0.024,1,1
DF_E_2401743.flac,fake,8.064453,0.023,1,1
DF_E_2733070.flac,fake,8.357422,0.019,1,1
DF_E_2723596.flac,fake,7.861328,0.068,1,1
DF_E_2644413.flac,fake,8.355469,0.053,1,1
DF_E_2121529.flac,fake,8.412109,0.069,1,1
DF_E_2062485.flac,fake,8.316406,0.053,1,1
DF_E_2635302.flac,fake,8.412109,0.039,1,1
DF_E_2369383.flac,fake,8.496094,0.010,1,1
DF_E_2042696.flac,fake,8.410156,0.034,1,1
DF_E_2137289.flac,fake,8.351562,0.039,1,1
DF_E_2339012.flac,fake,8.324219,0.049,1,1
DF_E_2034298.flac,fake,8.416016,0.016,1,1
DF_E_2397496.flac,fake,8.503906,0.018,1,1
DF_E_2259094.flac,fake,8.316406,0.062,1,1
DF_E_2694882.flac,fake,7.923828,0.034,1,1
DF_E_2409063.flac,fake,8.521484,0.048,1,1
DF_E_2269279.flac,fake,8.347656,0.008,1,1
DF_E_2137286.flac,fake,8.396484,0.024,1,1
DF_E_2694441.flac,fake,8.464844,0.008,1,1
DF_E_2515634.flac,fake,8.554688,0.004,1,1
DF_E_2491758.flac,fake,8.269531,0.068,1,1
DF_E_2470994.flac,fake,8.394531,0.014,1,1
DF_E_2158326.flac,fake,8.154297,0.013,1,1
DF_E_2240550.flac,fake,6.636719,0.064,1,1
DF_E_2485894.flac,fake,8.460938,0.004,1,1
DF_E_2606457.flac,fake,8.490234,0.009,1,1
DF_E_2726977.flac,fake,8.410156,0.043,1,1
DF_E_2422464.flac,fake,8.437500,0.004,1,1
DF_E_2590487.flac,fake,8.207031,0.009,1,1
DF_E_2057885.flac,fake,8.421875,0.003,1,1
DF_E_2672763.flac,fake,8.396484,0.073,1,1
DF_E_2132952.flac,fake,8.394531,0.004,1,1
DF_E_2458269.flac,fake,8.556641,0.019,1,1
DF_E_2372999.flac,fake,8.378906,0.009,1,1
DF_E_2475138.flac,fake,8.466797,0.009,1,1
DF_E_2172885.flac,fake,8.404297,0.034,1,1
DF_E_2596426.flac,fake,8.119141,0.074,1,1
DF_E_2002627.flac,fake,8.431641,0.073,1,1
DF_E_2683564.flac,fake,8.417969,0.035,1,1
DF_E_2609399.flac,fake,8.101562,0.069,1,1
DF_E_2082994.flac,fake,8.390625,0.004,1,1
DF_E_2278717.flac,fake,8.462891,0.063,1,1
DF_E_2536018.flac,fake,8.279297,0.024,1,1
DF_E_2730278.flac,fake,8.378906,0.069,1,1
DF_E_2651224.flac,fake,8.386719,0.019,1,1
DF_E_2080078.flac,fake,8.308594,0.039,1,1
DF_E_2301368.flac,fake,7.152344,0.038,1,1
DF_E_2393243.flac,fake,8.462891,0.020,1,1
DF_E_2194003.flac,fake,8.488281,0.004,1,1
DF_E_2422283.flac,fake,8.380859,0.007,1,1
DF_E_2644960.flac,fake,8.462891,0.063,1,1
DF_E_2712237.flac,fake,8.332031,0.004,1,1
DF_E_2048391.flac,fake,8.435547,0.059,1,1
DF_E_2352806.flac,fake,8.267578,0.034,1,1
DF_E_2237940.flac,fake,8.414062,0.022,1,1
DF_E_2451797.flac,fake,8.246094,0.020,1,1
DF_E_2023697.flac,fake,8.291016,0.009,1,1
DF_E_2601468.flac,fake,8.316406,0.019,1,1
DF_E_2139743.flac,fake,8.507812,0.014,1,1
DF_E_2168940.flac,fake,8.458984,0.020,1,1
DF_E_2683158.flac,fake,8.437500,0.014,1,1
DF_E_2174939.flac,fake,8.363281,0.024,1,1
DF_E_2229140.flac,fake,8.435547,0.019,1,1
DF_E_2730251.flac,fake,8.384766,0.045,1,1
DF_E_2426757.flac,fake,8.494141,0.024,1,1
DF_E_2745828.flac,fake,8.369141,0.013,1,1
DF_E_2402448.flac,fake,8.318359,0.009,1,1
DF_E_2611653.flac,fake,8.132812,0.009,1,1
DF_E_2709338.flac,fake,8.343750,0.010,1,1
DF_E_2697591.flac,fake,8.445312,0.019,1,1
DF_E_2360561.flac,fake,8.314453,0.024,1,1
DF_E_2676739.flac,fake,8.365234,0.004,1,1
DF_E_2211459.flac,fake,7.996094,0.009,1,1
DF_E_2566075.flac,fake,8.355469,0.039,1,1
DF_E_2282701.flac,fake,8.492188,0.069,1,1
DF_E_2745036.flac,fake,8.236328,0.068,1,1
DF_E_2201816.flac,fake,8.349609,0.048,1,1
DF_E_2103529.flac,fake,8.384766,0.004,1,1
DF_E_2610916.flac,fake,8.279297,0.008,1,1
DF_E_2503169.flac,fake,8.455078,0.019,1,1
DF_E_2743705.flac,fake,8.462891,0.023,1,1
DF_E_2393584.flac,fake,8.138672,0.048,1,1
DF_E_2414800.flac,fake,8.154297,0.059,1,1
DF_E_2433835.flac,fake,8.376953,0.004,1,1
DF_E_2717103.flac,fake,8.308594,0.067,1,1
DF_E_2219907.flac,fake,8.349609,0.024,1,1
DF_E_2659308.flac,fake,8.310547,0.034,1,1
DF_E_2711748.flac,fake,8.339844,0.049,1,1
DF_E_2510565.flac,fake,8.296875,0.044,1,1
DF_E_2490627.flac,fake,8.513672,0.024,1,1
DF_E_2558696.flac,fake,8.505859,0.020,1,1
DF_E_2471904.flac,fake,8.363281,0.058,1,1
DF_E_2280382.flac,fake,8.560547,0.019,1,1
DF_E_2351940.flac,fake,8.279297,0.054,1,1
DF_E_2344558.flac,fake,8.375000,0.025,1,1
DF_E_2604899.flac,fake,8.314453,0.034,1,1
DF_E_2068188.flac,fake,8.439453,0.057,1,1
DF_E_2465938.flac,fake,8.412109,0.059,1,1
DF_E_2697966.flac,fake,8.332031,0.057,1,1
DF_E_2563687.flac,fake,8.365234,0.064,1,1
DF_E_2570103.flac,fake,8.310547,0.064,1,1
DF_E_2225120.flac,fake,8.548828,0.020,1,1
DF_E_2726844.flac,fake,8.078125,0.074,1,1
DF_E_2058200.flac,fake,8.427734,0.054,1,1
DF_E_2735097.flac,fake,8.388672,0.019,1,1
DF_E_2490310.flac,fake,8.351562,0.040,1,1
DF_E_2150042.flac,fake,8.187500,0.064,1,1
DF_E_2648475.flac,fake,8.390625,0.009,1,1
DF_E_2149094.flac,fake,8.390625,0.041,1,1
DF_E_2677096.flac,fake,8.398438,0.049,1,1
DF_E_2026940.flac,fake,8.312500,0.049,1,1
DF_E_2211018.flac,fake,8.498047,0.008,1,1
DF_E_2603242.flac,fake,8.388672,0.019,1,1
DF_E_2231159.flac,fake,8.292969,0.024,1,1
DF_E_2111559.flac,fake,8.312500,0.014,1,1
DF_E_2694005.flac,fake,8.425781,0.024,1,1
DF_E_2390774.flac,fake,8.357422,0.054,1,1
DF_E_2501376.flac,fake,8.326172,0.034,1,1
DF_E_2587449.flac,fake,8.431641,0.009,1,1
DF_E_2121367.flac,fake,8.326172,0.022,1,1
DF_E_2484267.flac,fake,8.470703,0.009,1,1
DF_E_2562156.flac,fake,8.416016,0.014,1,1
DF_E_2462760.flac,fake,8.273438,0.033,1,1
DF_E_2714636.flac,fake,8.363281,0.043,1,1
DF_E_2056913.flac,fake,8.404297,0.008,1,1
DF_E_2101700.flac,fake,8.365234,0.024,1,1
DF_E_2346870.flac,fake,8.417969,0.009,1,1
DF_E_2421494.flac,fake,8.353516,0.010,1,1
DF_E_2136397.flac,fake,8.351562,0.015,1,1
DF_E_2639296.flac,fake,8.484375,0.029,1,1
DF_E_2146995.flac,fake,8.412109,0.038,1,1
DF_E_2653965.flac,fake,8.248047,0.045,1,1
DF_E_2247809.flac,fake,8.357422,0.004,1,1
DF_E_2435135.flac,fake,8.390625,0.019,1,1
DF_E_2071682.flac,fake,8.363281,0.029,1,1
DF_E_2476213.flac,fake,8.443359,0.014,1,1
DF_E_2085833.flac,fake,8.402344,0.052,1,1
DF_E_2428555.flac,fake,8.417969,0.058,1,1
DF_E_2529944.flac,fake,8.390625,0.019,1,1
