file,label,score,duration,edge_silence,trimmed_detected,key_trim,codec,source,attack,vocoder
DF_E_2542429.flac,real,7.711914,4.16,0.010,1,0,oggm4a,vcc2018,-,bonafide
DF_E_2089705.flac,real,-10.746094,3.71,0.012,1,0,oggm4a,asvspoof,-,bonafide
DF_E_2020920.flac,real,-10.816406,3.84,0.015,1,0,mp3m4a,asvspoof,-,bonafide
DF_E_2634859.flac,real,6.806641,3.14,0.011,1,0,low_m4a,vcc2018,-,bonafide
DF_E_2223423.flac,real,-10.751953,5.05,0.023,1,0,low_ogg,asvspoof,-,bonafide
DF_E_2199547.flac,real,1.694336,5.12,0.020,1,0,mp3m4a,vcc2018,-,bonafide
DF_E_2181338.flac,real,-10.890625,3.34,0.011,1,0,high_ogg,asvspoof,-,bonafide
DF_E_2112565.flac,real,-10.843750,3.07,0.022,1,0,mp3m4a,asvspoof,-,bonafide
DF_E_2630002.flac,real,-10.781250,2.88,0.005,1,0,mp3m4a,asvspoof,-,bonafide
DF_E_2081704.flac,real,7.194336,4.54,0.019,1,0,low_m4a,vcc2018,-,bonafide
DF_E_2575280.flac,real,-11.023438,4.03,0.007,1,0,mp3m4a,asvspoof,-,bonafide
DF_E_2633922.flac,real,6.585938,3.79,0.015,1,0,low_mp3,vcc2020,-,bonafide
DF_E_2459326.flac,real,-10.955078,4.10,0.021,1,0,low_m4a,asvspoof,-,bonafide
DF_E_2070701.flac,real,-10.765625,2.50,0.021,1,0,oggm4a,asvspoof,-,bonafide
DF_E_2494498.flac,real,0.892578,4.75,0.005,1,0,high_mp3,vcc2020,-,bonafide
DF_E_2353870.flac,real,-10.695312,2.69,0.013,1,0,high_m4a,vcc2020,-,bonafide
DF_E_2027730.flac,real,1.647949,2.01,0.008,1,0,low_ogg,vcc2020,-,bonafide
DF_E_2025754.flac,real,-10.816406,2.94,0.019,1,0,oggm4a,asvspoof,-,bonafide
DF_E_2076008.flac,real,0.763672,6.59,0.017,1,0,high_m4a,vcc2020,-,bonafide
DF_E_2178951.flac,real,-5.378906,2.55,0.022,1,0,low_mp3,vcc2020,-,bonafide
DF_E_2187493.flac,real,-7.388672,3.77,0.020,1,0,nocodec,vcc2020,-,bonafide
DF_E_2424842.flac,real,-10.558594,4.14,0.014,1,0,low_mp3,asvspoof,-,bonafide
DF_E_2506011.flac,real,-10.806641,4.82,0.024,1,0,low_ogg,asvspoof,-,bonafide
DF_E_2022324.flac,real,-7.440430,5.22,0.024,1,0,low_ogg,asvspoof,-,bonafide
DF_E_2472956.flac,real,-10.777344,3.39,0.017,1,0,oggm4a,asvspoof,-,bonafide
DF_E_2160468.flac,real,1.575521,6.14,0.019,1,0,high_m4a,vcc2018,-,bonafide
DF_E_2612725.flac,real,-6.816406,4.12,0.020,1,0,high_ogg,vcc2020,-,bonafide
DF_E_2553012.flac,real,-10.824219,2.94,0.019,1,0,high_m4a,asvspoof,-,bonafide
DF_E_2597192.flac,real,7.369141,1.66,0.012,1,0,high_mp3,vcc2020,-,bonafide
DF_E_2459211.flac,real,-0.262894,1.86,0.006,1,0,oggm4a,vcc2020,-,bonafide
DF_E_2352107.flac,real,-10.861328,4.18,0.008,1,0,nocodec,asvspoof,-,bonafide
DF_E_2179555.flac,real,-10.921875,3.46,0.006,1,0,oggm4a,asvspoof,-,bonafide
DF_E_2377385.flac,real,-1.976562,4.30,0.021,1,0,high_ogg,vcc2018,-,bonafide
DF_E_2493837.flac,real,-10.671875,5.95,0.002,1,0,low_m4a,asvspoof,-,bonafide
DF_E_2225790.flac,real,-10.843750,3.46,0.014,1,0,high_ogg,asvspoof,-,bonafide
DF_E_2686089.flac,real,-10.707031,2.40,0.003,1,0,high_mp3,vcc2020,-,bonafide
DF_E_2739789.flac,real,-10.683594,2.18,0.001,1,0,mp3m4a,asvspoof,-,bonafide
DF_E_2004487.flac,real,7.419922,1.25,0.000,1,0,nocodec,vcc2018,-,bonafide
DF_E_2648682.flac,real,-10.421875,1.60,0.000,1,0,oggm4a,vcc2018,-,bonafide
DF_E_2683905.flac,real,6.751953,0.82,0.021,1,0,low_mp3,vcc2018,-,bonafide
DF_E_2129208.flac,real,-7.564453,1.30,0.004,1,0,high_ogg,vcc2018,-,bonafide
DF_E_2593600.flac,real,-10.281250,5.12,0.020,1,0,high_m4a,vcc2020,-,bonafide
DF_E_2354159.flac,real,-10.929688,4.22,0.024,1,0,high_m4a,vcc2020,-,bonafide
DF_E_2284847.flac,real,-10.228516,4.67,0.022,1,0,oggm4a,asvspoof,-,bonafide
DF_E_2225788.flac,real,-10.818359,5.31,0.012,1,0,oggm4a,asvspoof,-,bonafide
DF_E_2125906.flac,real,-7.254883,5.44,0.715,0,0,mp3m4a,asvspoof,-,bonafide
DF_E_2175631.flac,real,-10.652344,4.16,0.010,1,0,high_m4a,asvspoof,-,bonafide
DF_E_2652778.flac,real,-5.402985,4.62,0.016,1,0,low_ogg,vcc2018,-,bonafide
DF_E_2281090.flac,real,-10.902344,3.64,0.015,1,0,high_ogg,asvspoof,-,bonafide
DF_E_2081602.flac,real,1.805664,2.39,0.017,1,0,low_ogg,asvspoof,-,bonafide
DF_E_2075622.flac,real,5.395508,5.63,0.007,1,0,low_m4a,vcc2020,-,bonafide
DF_E_2317852.flac,real,-10.757812,3.58,0.009,1,0,oggm4a,asvspoof,-,bonafide
DF_E_2078025.flac,real,-10.593750,2.24,0.015,1,0,mp3m4a,vcc2018,-,bonafide
DF_E_2301096.flac,real,-10.855469,2.05,0.024,1,0,nocodec,asvspoof,-,bonafide
DF_E_2721043.flac,real,-10.871094,2.39,0.016,1,0,low_mp3,asvspoof,-,bonafide
DF_E_2288228.flac,real,-10.859375,2.75,0.002,1,0,oggm4a,asvspoof,-,bonafide
DF_E_2508066.flac,real,-10.890625,3.76,0.009,1,0,nocodec,asvspoof,-,bonafide
DF_E_2215881.flac,real,-3.293457,4.47,0.022,1,0,low_mp3,vcc2018,-,bonafide
DF_E_2684442.flac,real,-10.855469,2.54,0.011,1,0,low_ogg,asvspoof,-,bonafide
DF_E_2036567.flac,real,-10.488281,1.78,0.009,1,0,high_ogg,asvspoof,-,bonafide
DF_E_2624239.flac,real,-10.953125,3.39,0.017,1,0,high_m4a,asvspoof,-,bonafide
DF_E_2387771.flac,real,-10.863281,3.07,0.022,1,0,high_m4a,asvspoof,-,bonafide
DF_E_2450412.flac,real,-10.414062,1.70,0.002,1,0,high_mp3,vcc2018,-,bonafide
DF_E_2100050.flac,real,-10.919922,4.10,0.021,1,0,oggm4a,asvspoof,-,bonafide
DF_E_2317050.flac,real,-10.785156,2.82,0.016,1,0,mp3m4a,asvspoof,-,bonafide
DF_E_2063145.flac,real,-10.093750,2.50,0.021,1,0,high_m4a,vcc2018,-,bonafide
DF_E_2464989.flac,real,-10.949219,3.26,0.014,1,0,mp3m4a,asvspoof,-,bonafide
DF_E_2240490.flac,real,-10.660156,3.51,0.009,1,0,high_mp3,vcc2020,-,bonafide
DF_E_2704086.flac,real,-10.769531,2.63,0.007,1,0,high_ogg,asvspoof,-,bonafide
DF_E_2533954.flac,real,-4.448568,6.66,0.013,1,0,low_mp3,asvspoof,-,bonafide
DF_E_2522638.flac,real,-9.796875,2.82,0.016,1,0,mp3m4a,vcc2020,-,bonafide
DF_E_2732133.flac,real,-10.679688,3.84,0.015,1,0,oggm4a,asvspoof,-,bonafide
DF_E_2303170.flac,real,-10.857422,4.35,0.002,1,0,oggm4a,asvspoof,-,bonafide
DF_E_2485624.flac,real,-10.722656,3.08,0.001,1,0,low_mp3,asvspoof,-,bonafide
DF_E_2154719.flac,real,7.791016,2.43,0.007,1,0,mp3m4a,vcc2020,-,bonafide
DF_E_2599809.flac,real,-10.789062,4.03,0.007,1,0,mp3m4a,asvspoof,-,bonafide
DF_E_2057574.flac,real,-9.675781,1.41,0.008,1,0,oggm4a,vcc2018,-,bonafide
DF_E_2039904.flac,real,-10.707031,3.51,0.012,1,0,low_ogg,asvspoof,-,bonafide
DF_E_2561544.flac,real,-10.589844,2.11,0.012,1,0,high_m4a,asvspoof,-,bonafide
DF_E_2184707.flac,real,-10.703125,2.37,0.018,1,0,mp3m4a,vcc2020,-,bonafide
DF_E_2659680.flac,real,-10.671875,4.89,0.013,1,0,high_ogg,asvspoof,-,bonafide
DF_E_2236952.flac,real,-10.910156,2.82,0.017,1,0,high_mp3,asvspoof,-,bonafide
DF_E_2063651.flac,real,-10.546875,2.75,0.002,1,0,mp3m4a,asvspoof,-,bonafide
DF_E_2727239.flac,real,-10.652344,1.27,0.024,1,0,low_mp3,vcc2018,-,bonafide
DF_E_2187728.flac,real,-9.629883,4.62,0.016,1,0,high_ogg,vcc2018,-,bonafide
DF_E_2737048.flac,real,7.794922,2.23,0.001,1,0,high_mp3,vcc2020,-,bonafide
DF_E_2081002.flac,real,-10.976562,2.71,0.012,1,0,high_ogg,asvspoof,-,bonafide
DF_E_2383381.flac,real,4.680664,2.02,0.024,1,0,low_ogg,vcc2018,-,bonafide
DF_E_2539401.flac,real,-10.828125,3.59,0.017,1,0,low_ogg,asvspoof,-,bonafide
DF_E_2708405.flac,real,-10.875000,3.58,0.009,1,0,oggm4a,asvspoof,-,bonafide
DF_E_2306285.flac,real,-7.265951,6.21,0.008,1,0,high_m4a,vcc2018,-,bonafide
DF_E_2132267.flac,real,-3.494629,4.84,0.015,1,0,low_ogg,asvspoof,-,bonafide
DF_E_2310765.flac,real,8.302734,2.18,0.001,1,0,oggm4a,vcc2018,-,bonafide
DF_E_2296282.flac,real,-10.878906,2.75,0.002,1,0,low_m4a,asvspoof,-,bonafide
DF_E_2170106.flac,real,-10.812500,2.70,0.021,1,0,low_ogg,asvspoof,-,bonafide
DF_E_2570668.flac,real,7.736328,2.74,0.019,1,0,low_ogg,vcc2020,-,bonafide
DF_E_2217550.flac,real,-10.535156,3.46,0.006,1,0,oggm4a,asvspoof,-,bonafide
DF_E_2597403.flac,real,8.005859,3.52,0.020,1,0,low_m4a,vcc2018,-,bonafide
DF_E_2582123.flac,real,-10.714844,3.71,0.012,1,0,mp3m4a,vcc2018,-,bonafide
DF_E_2550723.flac,real,-10.960938,3.14,0.011,1,0,mp3m4a,asvspoof,-,bonafide
DF_E_2059414.flac,real,-10.945312,3.43,0.007,1,0,high_ogg,asvspoof,-,bonafide
DF_E_2513250.flac,real,-10.851562,2.92,0.020,1,0,high_ogg,asvspoof,-,bonafide
DF_E_2538546.flac,real,-10.300781,3.53,0.009,1,0,low_mp3,vcc2020,-,bonafide
DF_E_2139166.flac,real,-10.265625,6.91,0.012,1,0,high_m4a,vcc2020,-,bonafide
DF_E_2448740.flac,real,-9.722656,3.14,0.011,1,0,mp3m4a,asvspoof,-,bonafide
DF_E_2623756.flac,real,-7.228027,4.36,0.010,1,0,low_ogg,vcc2020,-,bonafide
DF_E_2199541.flac,real,7.923828,2.05,0.023,1,0,low_m4a,vcc2018,-,bonafide
DF_E_2132969.flac,real,-10.679688,3.46,0.006,1,0,oggm4a,asvspoof,-,bonafide
DF_E_2389088.flac,real,-4.632080,4.35,0.002,1,0,high_m4a,vcc2018,-,bonafide
DF_E_2317736.flac,real,-0.156738,4.61,0.008,1,0,mp3m4a,vcc2020,-,bonafide
DF_E_2219300.flac,real,-10.681641,4.54,0.011,1,0,low_ogg,vcc2020,-,bonafide
DF_E_2542622.flac,real,-5.981445,4.33,0.007,1,0,nocodec,vcc2018,-,bonafide
DF_E_2586503.flac,real,6.625000,3.02,0.016,1,0,high_ogg,vcc2020,-,bonafide
DF_E_2470391.flac,real,-10.824219,3.78,0.001,1,0,low_m4a,asvspoof,-,bonafide
DF_E_2179277.flac,real,4.047363,4.39,0.017,1,0,low_ogg,vcc2018,-,bonafide
DF_E_2582681.flac,real,7.464844,2.49,0.015,1,0,high_mp3,vcc2020,-,bonafide
DF_E_2269531.flac,real,6.341797,4.54,0.019,1,0,low_m4a,vcc2018,-,bonafide
DF_E_2717911.flac,real,-3.140137,5.95,0.002,1,0,oggm4a,vcc2020,-,bonafide
DF_E_2657380.flac,real,-2.387695,4.16,0.010,1,0,mp3m4a,vcc2018,-,bonafide
DF_E_2661366.flac,real,-0.505005,2.33,0.010,1,0,nocodec,vcc2018,-,bonafide
DF_E_2048419.flac,real,1.416260,4.03,0.007,1,0,mp3m4a,vcc2020,-,bonafide
DF_E_2185991.flac,real,2.118490,6.78,0.009,1,0,oggm4a,vcc2018,-,bonafide
DF_E_2697839.flac,real,-10.855469,3.71,0.012,1,0,mp3m4a,asvspoof,-,bonafide
DF_E_2027783.flac,real,-9.714844,4.86,0.009,1,0,nocodec,vcc2020,-,bonafide
DF_E_2683527.flac,real,-10.757812,1.77,0.024,1,0,low_mp3,vcc2018,-,bonafide
DF_E_2262439.flac,real,-10.992188,3.83,0.007,1,0,high_ogg,asvspoof,-,bonafide
DF_E_2336371.flac,real,-10.898438,3.40,0.000,1,0,low_ogg,asvspoof,-,bonafide
DF_E_2217768.flac,real,-10.734375,2.46,0.006,1,0,high_ogg,asvspoof,-,bonafide
DF_E_2056366.flac,real,-10.785156,2.37,0.018,1,0,high_m4a,asvspoof,-,bonafide
DF_E_2171841.flac,real,-10.527344,4.07,0.022,1,0,low_ogg,vcc2018,-,bonafide
DF_E_2476777.flac,real,-10.574219,2.71,0.012,1,0,low_ogg,vcc2020,-,bonafide
DF_E_2747444.flac,real,-7.927734,3.84,0.015,1,0,oggm4a,vcc2018,-,bonafide
DF_E_2613700.flac,real,-0.824219,4.57,0.018,1,0,low_ogg,vcc2018,-,bonafide
DF_E_2261166.flac,real,-9.152344,2.26,0.013,1,0,high_mp3,vcc2018,-,bonafide
DF_E_2172927.flac,real,-10.914062,4.10,0.024,1,0,nocodec,asvspoof,-,bonafide
DF_E_2558308.flac,real,0.949219,6.91,0.012,1,0,high_m4a,vcc2018,-,bonafide
DF_E_2419987.flac,real,-10.558594,2.50,0.021,1,0,mp3m4a,asvspoof,-,bonafide
DF_E_2331519.flac,real,-6.081055,4.86,0.014,1,0,oggm4a,asvspoof,-,bonafide
DF_E_2545703.flac,real,-10.867188,3.66,0.006,1,0,high_ogg,asvspoof,-,bonafide
DF_E_2387337.flac,real,-0.500000,5.11,0.012,1,0,high_ogg,vcc2020,-,bonafide
DF_E_2115839.flac,real,-10.671875,4.03,0.007,1,0,mp3m4a,asvspoof,-,bonafide
DF_E_2215895.flac,real,-3.759277,5.11,0.011,1,0,low_mp3,vcc2020,-,bonafide
DF_E_2200739.flac,real,-1.490723,2.55,0.022,1,0,high_mp3,vcc2020,-,bonafide
DF_E_2637524.flac,real,-10.726562,3.70,0.024,1,0,low_mp3,vcc2020,-,bonafide
DF_E_2473259.flac,real,-10.738281,2.94,0.019,1,0,mp3m4a,asvspoof,-,bonafide
DF_E_2453864.flac,real,-2.172852,4.98,0.009,1,0,high_ogg,vcc2018,-,bonafide
DF_E_2214035.flac,real,-10.898438,3.33,0.003,1,0,oggm4a,asvspoof,-,bonafide
DF_E_2638892.flac,real,-10.859375,2.90,0.003,1,0,low_mp3,asvspoof,-,bonafide
DF_E_2491002.flac,real,-10.828125,3.80,0.000,1,0,high_ogg,asvspoof,-,bonafide
DF_E_2360670.flac,real,7.304688,3.84,0.015,1,0,oggm4a,vcc2018,-,bonafide
DF_E_2678407.flac,fake,8.421875,2.73,0.000,1,0,nocodec,vcc2018,HUB-N18,traditional_vocoder
DF_E_2442069.flac,fake,8.390625,4.04,0.013,1,0,high_mp3,vcc2020,Task1-team30,unknown
DF_E_2302519.flac,fake,8.398438,4.04,0.015,1,0,low_ogg,asvspoof,A15,neural_vocoder_autoregressive
DF_E_2274553.flac,fake,8.259766,2.18,0.001,1,0,low_m4a,vcc2020,Task2-team23,neural_vocoder_autoregressive
DF_E_2166044.flac,fake,8.432292,6.91,0.012,1,0,high_m4a,vcc2018,HUB-N16,traditional_vocoder
DF_E_2105818.flac,fake,8.107422,1.96,0.013,1,0,low_mp3,vcc2020,Task2-team07,neural_vocoder_autoregressive
DF_E_2386358.flac,fake,8.437500,2.60,0.000,1,0,low_ogg,vcc2020,Task2-team22,neural_vocoder_nonautoregressive
DF_E_2374229.flac,fake,8.274414,4.80,0.000,1,0,oggm4a,vcc2020,Task1-team11,neural_vocoder_autoregressive
DF_E_2069345.flac,fake,8.339844,4.61,0.008,1,0,high_m4a,vcc2020,Task2-team30,unknown
DF_E_2571297.flac,fake,8.390625,4.35,0.002,1,0,low_m4a,vcc2018,HUB-N03,unknown
DF_E_2035930.flac,fake,8.115234,2.71,0.010,1,0,high_mp3,vcc2020,Task1-team25,neural_vocoder_autoregressive
DF_E_2650322.flac,fake,8.507812,2.92,0.020,1,0,low_mp3,vcc2020,Task2-team16,neural_vocoder_nonautoregressive
DF_E_2083248.flac,fake,8.056641,2.75,0.177,1,0,high_m4a,vcc2020,Task2-team30,unknown
DF_E_2116722.flac,fake,8.234375,2.86,0.013,1,0,low_mp3,vcc2020,Task2-team30,unknown
DF_E_2474754.flac,fake,6.832031,1.92,0.020,1,0,mp3m4a,vcc2020,Task2-team20,neural_vocoder_nonautoregressive
DF_E_2121995.flac,fake,8.456055,4.16,0.010,1,0,oggm4a,vcc2018,HUB-N14,traditional_vocoder
DF_E_2598900.flac,fake,8.515625,2.43,0.007,1,0,mp3m4a,vcc2020,Task2-team19,neural_vocoder_nonautoregressive
DF_E_2514471.flac,fake,8.384766,3.71,0.012,1,0,oggm4a,asvspoof,A13,traditional_vocoder
DF_E_2320325.flac,fake,8.423828,3.71,0.012,1,0,oggm4a,vcc2020,Task2-team16,neural_vocoder_nonautoregressive
DF_E_2451506.flac,fake,8.315104,6.91,0.012,1,0,high_m4a,vcc2018,HUB-B01,traditional_vocoder
DF_E_2048338.flac,fake,8.420898,4.71,0.012,1,0,high_ogg,asvspoof,A17,traditional_vocoder
DF_E_2291670.flac,fake,8.457031,2.95,0.002,1,0,low_ogg,vcc2020,Task1-team06,traditional_vocoder
DF_E_2289265.flac,fake,8.425781,2.15,0.000,1,0,nocodec,vcc2020,Task2-team07,neural_vocoder_autoregressive
DF_E_2451175.flac,fake,8.341797,4.48,0.005,1,0,high_m4a,vcc2020,Task2-team24,neural_vocoder_autoregressive
DF_E_2354845.flac,fake,8.007812,2.58,0.009,1,0,high_ogg,asvspoof,A11,traditional_vocoder
DF_E_2401482.flac,fake,8.455078,2.70,0.021,1,0,low_ogg,vcc2018,HUB-N13,traditional_vocoder
DF_E_2189926.flac,fake,8.443359,3.39,0.017,1,0,mp3m4a,vcc2018,HUB-D02,traditional_vocoder
DF_E_2734917.flac,fake,8.486328,2.04,0.015,1,0,low_ogg,vcc2020,Task1-team03,neural_vocoder_autoregressive
DF_E_2419644.flac,fake,8.357422,1.98,0.004,1,0,low_mp3,vcc2020,Task2-team18,unknown
DF_E_2650065.flac,fake,8.367188,3.84,0.015,1,0,mp3m4a,vcc2020,Task1-team08,traditional_vocoder
DF_E_2712615.flac,fake,8.472656,3.01,0.008,1,0,nocodec,vcc2020,Task1-team17,neural_vocoder_nonautoregressive
DF_E_2008873.flac,fake,8.347656,1.96,0.010,1,0,high_ogg,vcc2020,Task2-team13,neural_vocoder_autoregressive
DF_E_2514330.flac,fake,8.480469,2.56,0.010,1,0,low_m4a,vcc2020,Task2-team03,neural_vocoder_autoregressive
DF_E_2544522.flac,fake,8.470703,4.03,0.007,1,0,low_m4a,vcc2020,Task1-team24,neural_vocoder_autoregressive
DF_E_2086871.flac,fake,8.386719,2.37,0.018,1,0,oggm4a,vcc2020,Task2-team33,neural_vocoder_nonautoregressive
DF_E_2515482.flac,fake,8.421875,4.16,0.010,1,0,mp3m4a,vcc2020,Task2-team05,neural_vocoder_nonautoregressive
DF_E_2668491.flac,fake,8.412109,3.48,0.005,1,0,high_ogg,vcc2018,HUB-N18,traditional_vocoder
DF_E_2407409.flac,fake,8.301758,4.26,0.013,1,0,nocodec,vcc2018,SPO-N05,traditional_vocoder
DF_E_2567620.flac,fake,8.413086,4.43,0.002,1,0,low_mp3,vcc2020,Task1-team21,neural_vocoder_nonautoregressive
DF_E_2201953.flac,fake,8.359375,3.01,0.008,1,0,mp3m4a,vcc2020,Task2-team15,neural_vocoder_nonautoregressive
DF_E_2580868.flac,fake,8.333984,2.14,0.011,1,0,high_ogg,vcc2020,Task2-team08,traditional_vocoder
DF_E_2484648.flac,fake,8.322266,3.01,0.008,1,0,high_ogg,vcc2020,Task2-team13,neural_vocoder_autoregressive
DF_E_2257931.flac,fake,8.283203,2.89,0.013,1,0,high_ogg,asvspoof,A12,neural_vocoder_autoregressive
DF_E_2084570.flac,fake,8.478516,2.75,0.003,1,0,low_mp3,vcc2018,HUB-N05,traditional_vocoder
DF_E_2222373.flac,fake,8.201172,1.79,0.017,1,0,mp3m4a,asvspoof,A19,traditional_vocoder
DF_E_2329599.flac,fake,1.608398,1.60,0.000,1,0,oggm4a,asvspoof,A10,neural_vocoder_autoregressive
DF_E_2120602.flac,fake,8.390625,1.91,0.006,1,0,low_mp3,vcc2020,Task1-team08,traditional_vocoder
DF_E_2343977.flac,fake,8.429688,2.83,0.002,1,0,low_mp3,vcc2018,HUB-N05,traditional_vocoder
DF_E_2002456.flac,fake,8.259766,4.10,0.021,1,0,high_m4a,vcc2018,SPO-N10,neural_vocoder_autoregressive
DF_E_2721389.flac,fake,8.449219,2.43,0.007,1,0,high_m4a,vcc2020,Task1-team04,neural_vocoder_autoregressive
DF_E_2545635.flac,fake,8.413086,4.06,0.010,1,0,high_mp3,vcc2020,Task1-team06,traditional_vocoder
DF_E_2661834.flac,fake,8.406250,3.38,0.005,1,0,high_mp3,vcc2018,HUB-N20,traditional_vocoder
DF_E_2543739.flac,fake,8.349609,1.90,0.000,1,0,low_mp3,vcc2020,Task1-team04,neural_vocoder_autoregressive
DF_E_2199126.flac,fake,8.353516,1.79,0.017,1,0,oggm4a,vcc2020,Task2-team11,neural_vocoder_autoregressive
DF_E_2735588.flac,fake,8.355469,6.78,0.009,1,0,oggm4a,asvspoof,A19,traditional_vocoder
DF_E_2379568.flac,fake,8.468750,1.88,0.005,1,0,nocodec,vcc2018,SPO-N04,traditional_vocoder
DF_E_2575991.flac,fake,8.406250,1.76,0.010,1,0,low_mp3,vcc2018,SPO-N10,neural_vocoder_autoregressive
DF_E_2135506.flac,fake,8.359375,4.30,0.021,1,0,low_ogg,vcc2020,Task2-team15,neural_vocoder_nonautoregressive
DF_E_2385063.flac,fake,8.326172,3.08,0.005,1,0,low_ogg,vcc2020,Task2-team03,neural_vocoder_autoregressive
DF_E_2689661.flac,fake,8.335938,2.05,0.023,1,0,high_m4a,vcc2020,Task2-team03,neural_vocoder_autoregressive
DF_E_2080652.flac,fake,8.365234,4.74,0.015,1,0,nocodec,vcc2018,SPO-N05,traditional_vocoder
DF_E_2657612.flac,fake,8.460938,1.79,0.017,1,0,low_m4a,vcc2020,Task1-team01,neural_vocoder_nonautoregressive
DF_E_2473183.flac,fake,8.392578,3.54,0.015,1,0,high_mp3,vcc2018,HUB-N07,traditional_vocoder
DF_E_2226274.flac,fake,8.381836,4.10,0.021,1,0,high_m4a,vcc2020,Task1-team09,neural_vocoder_nonautoregressive
DF_E_2635750.flac,fake,8.365234,2.73,0.006,1,0,high_mp3,vcc2020,Task1-team27,neural_vocoder_nonautoregressive
DF_E_2483141.flac,fake,8.375000,2.73,0.003,1,0,low_ogg,vcc2020,Task2-team24,neural_vocoder_autoregressive
DF_E_2385042.flac,fake,8.414062,4.10,0.004,1,0,low_ogg,vcc2018,HUB-N05,traditional_vocoder
DF_E_2461091.flac,fake,8.443359,1.89,0.013,1,0,low_mp3,vcc2020,Task2-team32,neural_vocoder_autoregressive
DF_E_2150678.flac,fake,8.423828,1.24,0.015,1,0,high_mp3,vcc2018,SPO-N12,traditional_vocoder
DF_E_2116719.flac,fake,8.382812,1.86,0.006,1,0,oggm4a,vcc2020,Task1-team01,neural_vocoder_nonautoregressive
DF_E_2283315.flac,fake,8.421875,4.21,0.010,1,0,high_mp3,vcc2018,HUB-D04,traditional_vocoder
DF_E_2576387.flac,fake,8.431641,3.52,0.020,1,0,oggm4a,vcc2020,Task1-team16,neural_vocoder_nonautoregressive
DF_E_2123286.flac,fake,8.281250,2.11,0.012,1,0,oggm4a,vcc2020,Task1-team14,neural_vocoder_nonautoregressive
DF_E_2409270.flac,fake,8.435547,4.23,0.007,1,0,low_ogg,asvspoof,A17,traditional_vocoder
DF_E_2721137.flac,fake,8.539062,2.39,0.015,1,0,low_mp3,vcc2018,HUB-N15,traditional_vocoder
DF_E_2588807.flac,fake,8.359375,2.88,0.005,1,0,mp3m4a,vcc2020,Task2-team32,neural_vocoder_autoregressive
DF_E_2697328.flac,fake,8.435547,1.24,0.015,1,0,low_ogg,vcc2018,HUB-N16,traditional_vocoder
DF_E_2402390.flac,fake,8.358398,4.35,0.002,1,0,oggm4a,vcc2020,Task2-team08,traditional_vocoder
DF_E_2694290.flac,fake,8.313477,4.98,0.009,1,0,low_ogg,vcc2020,Task2-team02,neural_vocoder_nonautoregressive
DF_E_2000378.flac,fake,8.369141,5.12,0.020,1,0,oggm4a,vcc2020,Task2-team19,neural_vocoder_nonautoregressive
DF_E_2453316.flac,fake,8.417969,2.30,0.021,1,0,low_ogg,vcc2020,Task1-team09,neural_vocoder_nonautoregressive
DF_E_2245723.flac,fake,8.388672,3.26,0.014,1,0,low_m4a,vcc2020,Task2-team16,neural_vocoder_nonautoregressive
DF_E_2370538.flac,fake,8.406250,3.67,0.022,1,0,low_ogg,vcc2020,Task2-team33,neural_vocoder_nonautoregressive
DF_E_2014940.flac,fake,8.451172,4.16,0.010,1,0,mp3m4a,vcc2020,Task1-team06,traditional_vocoder
DF_E_2084839.flac,fake,8.414062,2.62,0.024,1,0,mp3m4a,vcc2020,Task2-team28,neural_vocoder_autoregressive
DF_E_2702817.flac,fake,8.474609,2.88,0.005,1,0,mp3m4a,vcc2020,Task1-team17,neural_vocoder_nonautoregressive
DF_E_2275331.flac,fake,8.281250,2.74,0.019,1,0,high_ogg,vcc2020,Task2-team33,neural_vocoder_nonautoregressive
DF_E_2663960.flac,fake,8.314453,4.74,0.015,1,0,nocodec,vcc2018,SPO-N05,traditional_vocoder
DF_E_2745496.flac,fake,8.318359,2.94,0.019,1,0,oggm4a,asvspoof,A12,neural_vocoder_autoregressive
DF_E_2628126.flac,fake,8.273438,1.53,0.003,1,0,nocodec,vcc2018,SPO-N05,traditional_vocoder
DF_E_2610059.flac,fake,8.531250,1.80,0.000,1,0,low_ogg,vcc2020,Task2-team26,traditional_vocoder
DF_E_2233145.flac,fake,8.326172,1.92,0.020,1,0,mp3m4a,vcc2020,Task1-team32,neural_vocoder_autoregressive
DF_E_2180847.flac,fake,8.525391,1.35,0.002,1,0,low_ogg,vcc2018,SPO-N16,traditional_vocoder
DF_E_2044179.flac,fake,8.414062,4.03,0.007,1,0,high_m4a,vcc2018,SPO-N12,traditional_vocoder
DF_E_2181954.flac,fake,8.423828,4.22,0.024,1,0,oggm4a,vcc2018,HUB-N12,traditional_vocoder
DF_E_2663463.flac,fake,7.974609,2.69,0.013,1,0,mp3m4a,asvspoof,A10,neural_vocoder_autoregressive
DF_E_2430056.flac,fake,7.984375,1.77,0.018,1,0,low_ogg,asvspoof,A10,neural_vocoder_autoregressive
DF_E_2716124.flac,fake,8.302734,3.07,0.022,1,0,mp3m4a,vcc2020,Task2-team33,neural_vocoder_nonautoregressive
DF_E_2060124.flac,fake,8.332031,3.85,0.023,1,0,high_ogg,asvspoof,A17,traditional_vocoder
DF_E_2065424.flac,fake,8.455078,3.86,0.011,1,0,high_mp3,vcc2020,Task2-team19,neural_vocoder_nonautoregressive
DF_E_2553171.flac,fake,6.855469,5.06,0.006,1,0,oggm4a,vcc2020,Task2-team25,neural_vocoder_autoregressive
DF_E_2368515.flac,fake,8.409180,4.22,0.024,1,0,high_m4a,vcc2020,Task1-team21,neural_vocoder_nonautoregressive
DF_E_2616984.flac,fake,8.445312,3.01,0.008,1,0,high_m4a,vcc2020,Task1-team04,neural_vocoder_autoregressive
DF_E_2052745.flac,fake,8.439453,2.05,0.023,1,0,oggm4a,vcc2020,Task2-team16,neural_vocoder_nonautoregressive
DF_E_2740094.flac,fake,8.238281,2.43,0.007,1,0,oggm4a,vcc2020,Task1-team24,neural_vocoder_autoregressive
DF_E_2574961.flac,fake,8.416992,4.10,0.004,1,0,high_ogg,vcc2020,Task2-team31,neural_vocoder_nonautoregressive
DF_E_2403971.flac,fake,8.300781,2.90,0.004,1,0,high_ogg,vcc2020,Task2-team20,neural_vocoder_nonautoregressive
DF_E_2578790.flac,fake,8.394531,1.98,0.009,1,0,low_m4a,vcc2020,Task1-team16,neural_vocoder_nonautoregressive
DF_E_2095717.flac,fake,8.414062,3.89,0.013,1,0,low_mp3,vcc2020,Task2-team26,traditional_vocoder
DF_E_2097831.flac,fake,8.421875,3.08,0.005,1,0,low_ogg,vcc2018,SPO-N16,traditional_vocoder
DF_E_2498503.flac,fake,8.408203,3.02,0.016,1,0,low_ogg,vcc2020,Task2-team12,traditional_vocoder
DF_E_2360272.flac,fake,8.430664,4.22,0.024,1,0,mp3m4a,vcc2018,HUB-N04,traditional_vocoder
DF_E_2716036.flac,fake,8.414062,1.68,0.001,1,0,nocodec,vcc2018,HUB-N11,traditional_vocoder
DF_E_2417320.flac,fake,8.363281,0.94,0.011,1,0,low_ogg,asvspoof,A07,traditional_vocoder
DF_E_2125919.flac,fake,8.429688,3.84,0.015,1,0,oggm4a,vcc2020,Task2-team02,neural_vocoder_nonautoregressive
DF_E_2200475.flac,fake,8.292969,3.39,0.017,1,0,high_m4a,vcc2020,Task1-team14,neural_vocoder_nonautoregressive
DF_E_2400537.flac,fake,8.435547,3.84,0.015,1,0,oggm4a,vcc2020,Task2-team31,neural_vocoder_nonautoregressive
DF_E_2659141.flac,fake,8.437500,2.86,0.006,1,0,low_ogg,vcc2018,HUB-N16,traditional_vocoder
DF_E_2459275.flac,fake,8.275391,1.82,0.024,1,0,low_ogg,vcc2020,Task1-team13,neural_vocoder_autoregressive
DF_E_2321050.flac,fake,8.431641,2.34,0.019,1,0,high_ogg,vcc2018,HUB-N14,traditional_vocoder
DF_E_2729663.flac,fake,8.390625,4.99,0.017,1,0,low_m4a,vcc2018,HUB-N04,traditional_vocoder
DF_E_2160256.flac,fake,8.437500,3.05,0.023,1,0,low_ogg,asvspoof,A08,neural_vocoder_nonautoregressive
DF_E_2702689.flac,fake,8.337891,1.34,0.019,1,0,low_m4a,asvspoof,A07,traditional_vocoder
DF_E_2409210.flac,fake,8.398438,4.35,0.002,1,0,oggm4a,vcc2018,SPO-N16,traditional_vocoder
DF_E_2570862.flac,fake,8.333984,1.86,0.006,1,0,oggm4a,vcc2020,Task2-team26,traditional_vocoder
DF_E_2551765.flac,fake,8.400391,3.84,0.015,1,0,oggm4a,asvspoof,A19,traditional_vocoder
DF_E_2521839.flac,fake,8.437500,3.78,0.009,1,0,low_ogg,vcc2018,SPO-N05,traditional_vocoder
DF_E_2152425.flac,fake,8.431641,2.37,0.018,1,0,oggm4a,vcc2020,Task2-team05,neural_vocoder_nonautoregressive
DF_E_2538782.flac,fake,8.396484,3.50,0.025,1,0,nocodec,asvspoof,A19,traditional_vocoder
DF_E_2236198.flac,fake,8.267578,1.92,0.020,1,0,mp3m4a,asvspoof,A15,neural_vocoder_autoregressive
DF_E_2302281.flac,fake,8.326172,4.81,0.008,1,0,low_ogg,vcc2020,Task1-team19,neural_vocoder_nonautoregressive
DF_E_2507658.flac,fake,8.517578,1.54,0.011,1,0,low_m4a,vcc2018,HUB-N05,traditional_vocoder
DF_E_2491251.flac,fake,8.251953,2.37,0.018,1,0,oggm4a,vcc2020,Task2-team29,neural_vocoder_autoregressive
DF_E_2282882.flac,fake,8.230469,3.53,0.006,1,0,high_mp3,vcc2020,Task2-team15,neural_vocoder_nonautoregressive
DF_E_2332075.flac,fake,8.376953,2.79,0.010,1,0,high_mp3,vcc2018,SPO-N04,traditional_vocoder
DF_E_2679792.flac,fake,8.498047,3.48,0.005,1,0,low_ogg,vcc2018,HUB-N16,traditional_vocoder
DF_E_2392678.flac,fake,8.460938,2.50,0.021,1,0,oggm4a,vcc2020,Task1-team21,neural_vocoder_nonautoregressive
DF_E_2342290.flac,fake,8.263672,2.94,0.019,1,0,mp3m4a,vcc2020,Task2-team11,neural_vocoder_autoregressive
DF_E_2092266.flac,fake,8.466797,2.62,0.024,1,0,oggm4a,asvspoof,A16,waveform_concatenation
DF_E_2187475.flac,fake,8.363281,2.73,0.003,1,0,high_ogg,vcc2020,Task1-team12,traditional_vocoder
DF_E_2170214.flac,fake,8.453125,1.22,0.016,1,0,high_m4a,asvspoof,A13,traditional_vocoder
DF_E_2048639.flac,fake,-4.687500,2.25,0.000,1,0,nocodec,vcc2018,SPO-N10,neural_vocoder_autoregressive
DF_E_2256211.flac,fake,8.437500,2.33,0.000,1,0,low_mp3,vcc2020,Task1-team33,neural_vocoder_nonautoregressive
DF_E_2016274.flac,fake,8.354492,4.66,0.010,1,0,high_mp3,vcc2020,Task1-team10,neural_vocoder_autoregressive
DF_E_2445508.flac,fake,8.064453,2.11,0.012,1,0,high_m4a,vcc2020,Task2-team29,neural_vocoder_autoregressive
DF_E_2420134.flac,fake,8.382812,1.54,0.011,1,0,low_m4a,vcc2018,SPO-N18,traditional_vocoder
DF_E_2174175.flac,fake,8.169922,2.52,0.020,1,0,high_ogg,asvspoof,A12,neural_vocoder_autoregressive
DF_E_2445624.flac,fake,8.443359,1.76,0.010,1,0,nocodec,vcc2020,Task2-team02,neural_vocoder_nonautoregressive
DF_E_2166803.flac,fake,8.398438,2.37,0.018,1,0,mp3m4a,asvspoof,A09,traditional_vocoder
DF_E_2005472.flac,fake,8.287109,1.98,0.009,1,0,oggm4a,vcc2020,Task1-team32,neural_vocoder_autoregressive
