file,label,score
DF_E_2542429.flac,real,7.915411
DF_E_2089705.flac,real,4.860495
DF_E_2020920.flac,real,7.500167
DF_E_2634859.flac,real,7.963171
DF_E_2223423.flac,real,6.499593
DF_E_2199547.flac,real,7.638957
DF_E_2181338.flac,real,7.091911
DF_E_2112565.flac,real,7.380679
DF_E_2630002.flac,real,7.833982
DF_E_2081704.flac,real,7.865663
DF_E_2575280.flac,real,7.046105
DF_E_2633922.flac,real,7.896258
DF_E_2459326.flac,real,0.730772
DF_E_2070701.flac,real,7.332474
DF_E_2494498.flac,real,-8.088272
DF_E_2353870.flac,real,2.913214
DF_E_2027730.flac,real,6.262604
DF_E_2025754.flac,real,6.992872
DF_E_2076008.flac,real,0.218996
DF_E_2178951.flac,real,7.130613
DF_E_2187493.flac,real,-9.044057
DF_E_2424842.flac,real,7.816527
DF_E_2506011.flac,real,7.583385
DF_E_2022324.flac,real,7.278923
DF_E_2472956.flac,real,3.463284
DF_E_2160468.flac,real,4.020480
DF_E_2612725.flac,real,-8.493676
DF_E_2553012.flac,real,7.100869
DF_E_2597192.flac,real,7.444261
DF_E_2459211.flac,real,2.965925
DF_E_2352107.flac,real,7.654715
DF_E_2179555.flac,real,6.614034
DF_E_2377385.flac,real,7.561532
DF_E_2493837.flac,real,6.189581
DF_E_2225790.flac,real,7.462988
DF_E_2686089.flac,real,3.510541
DF_E_2739789.flac,real,3.843350
DF_E_2004487.flac,real,6.087793
DF_E_2648682.flac,real,7.672116
DF_E_2683905.flac,real,8.072695
DF_E_2129208.flac,real,5.845144
DF_E_2593600.flac,real,-9.227599
DF_E_2354159.flac,real,5.606754
DF_E_2284847.flac,real,7.509877
DF_E_2225788.flac,real,7.476096
DF_E_2125906.flac,real,8.308438
DF_E_2175631.flac,real,7.986466
DF_E_2652778.flac,real,3.024510
DF_E_2281090.flac,real,3.938396
DF_E_2081602.flac,real,8.164789
DF_E_2075622.flac,real,5.257315
DF_E_2317852.flac,real,8.028324
DF_E_2078025.flac,real,-1.475804
DF_E_2301096.flac,real,3.605660
DF_E_2721043.flac,real,6.758004
DF_E_2288228.flac,real,7.026158
DF_E_2508066.flac,real,-9.122278
DF_E_2215881.flac,real,6.128115
DF_E_2684442.flac,real,6.359668
DF_E_2036567.flac,real,2.153668
DF_E_2624239.flac,real,6.525974
DF_E_2387771.flac,real,7.830397
DF_E_2450412.flac,real,7.409698
DF_E_2100050.flac,real,7.623350
DF_E_2317050.flac,real,7.548362
DF_E_2063145.flac,real,3.605639
DF_E_2464989.flac,real,7.204317
DF_E_2240490.flac,real,7.639099
DF_E_2704086.flac,real,6.831365
DF_E_2533954.flac,real,-1.882115
DF_E_2522638.flac,real,6.582675
DF_E_2732133.flac,real,7.961989
DF_E_2303170.flac,real,7.009999
DF_E_2485624.flac,real,8.077574
DF_E_2154719.flac,real,8.144024
DF_E_2599809.flac,real,6.177337
DF_E_2057574.flac,real,-5.288229
DF_E_2039904.flac,real,6.592463
DF_E_2561544.flac,real,7.275937
DF_E_2184707.flac,real,-2.133296
DF_E_2659680.flac,real,7.790462
DF_E_2236952.flac,real,7.272451
DF_E_2063651.flac,real,7.641710
DF_E_2727239.flac,real,6.056785
DF_E_2187728.flac,real,-6.824102
DF_E_2737048.flac,real,8.018960
DF_E_2081002.flac,real,-0.132655
DF_E_2383381.flac,real,6.346460
DF_E_2539401.flac,real,-4.061080
DF_E_2708405.flac,real,7.112814
DF_E_2306285.flac,real,-5.054743
DF_E_2132267.flac,real,6.469948
DF_E_2310765.flac,real,8.257622
DF_E_2296282.flac,real,-2.259404
DF_E_2170106.flac,real,7.518829
DF_E_2570668.flac,real,7.239437
DF_E_2217550.flac,real,8.008152
DF_E_2597403.flac,real,7.957449
DF_E_2582123.flac,real,6.058533
DF_E_2550723.flac,real,6.733873
DF_E_2054468.flac,fake,8.414801
DF_E_2461207.flac,fake,8.414024
DF_E_2480321.flac,fake,8.295551
DF_E_2130173.flac,fake,8.341470
DF_E_2405098.flac,fake,8.513550
DF_E_2551184.flac,fake,8.409415
DF_E_2184928.flac,fake,8.410854
DF_E_2124625.flac,fake,8.417159
DF_E_2350532.flac,fake,8.366878
DF_E_2287610.flac,fake,8.488884
DF_E_2204409.flac,fake,8.373730
DF_E_2748733.flac,fake,8.273872
DF_E_2699872.flac,fake,8.408055
DF_E_2483848.flac,fake,8.266360
DF_E_2520502.flac,fake,8.349535
DF_E_2422279.flac,fake,8.405050
DF_E_2166251.flac,fake,8.434314
DF_E_2517799.flac,fake,8.484440
DF_E_2245794.flac,fake,8.431698
DF_E_2636696.flac,fake,8.381682
DF_E_2580666.flac,fake,8.410233
DF_E_2586771.flac,fake,8.407521
DF_E_2042616.flac,fake,8.466460
DF_E_2173355.flac,fake,8.424879
DF_E_2620966.flac,fake,8.370807
DF_E_2024558.flac,fake,8.330507
DF_E_2608692.flac,fake,8.425580
DF_E_2239079.flac,fake,8.248290
DF_E_2303927.flac,fake,8.331530
DF_E_2202720.flac,fake,8.450297
DF_E_2050225.flac,fake,8.295050
DF_E_2159668.flac,fake,8.363794
DF_E_2690052.flac,fake,8.344899
DF_E_2713010.flac,fake,8.403635
DF_E_2429959.flac,fake,8.321957
DF_E_2662247.flac,fake,8.424517
DF_E_2542453.flac,fake,8.378350
DF_E_2238522.flac,fake,8.326948
DF_E_2160826.flac,fake,8.243928
DF_E_2495311.flac,fake,8.326176
DF_E_2378609.flac,fake,8.360695
DF_E_2299651.flac,fake,8.335550
DF_E_2668423.flac,fake,8.423037
DF_E_2691106.flac,fake,8.401278
DF_E_2486169.flac,fake,8.419237
DF_E_2347890.flac,fake,8.457320
DF_E_2109318.flac,fake,8.488159
DF_E_2200356.flac,fake,8.467772
DF_E_2106829.flac,fake,8.324955
DF_E_2186376.flac,fake,8.419399
DF_E_2563242.flac,fake,8.404221
DF_E_2425667.flac,fake,8.346835
DF_E_2408954.flac,fake,8.369589
DF_E_2198643.flac,fake,8.396838
DF_E_2564779.flac,fake,8.463245
DF_E_2442782.flac,fake,8.440957
DF_E_2325055.flac,fake,8.443419
DF_E_2678407.flac,fake,8.394891
DF_E_2442069.flac,fake,8.385357
DF_E_2302519.flac,fake,8.414533
DF_E_2274553.flac,fake,8.337417
DF_E_2166044.flac,fake,8.464028
DF_E_2105818.flac,fake,8.396498
DF_E_2386358.flac,fake,8.481647
DF_E_2374229.flac,fake,8.330525
DF_E_2069345.flac,fake,8.435049
DF_E_2571297.flac,fake,8.439213
DF_E_2035930.flac,fake,8.225744
DF_E_2650322.flac,fake,8.421066
DF_E_2083248.flac,fake,8.382223
DF_E_2116722.flac,fake,8.292964
DF_E_2474754.flac,fake,8.285223
DF_E_2121995.flac,fake,8.453193
DF_E_2598900.flac,fake,8.473600
DF_E_2514471.flac,fake,8.331848
DF_E_2320325.flac,fake,8.343857
DF_E_2451506.flac,fake,8.361284
DF_E_2048338.flac,fake,8.425419
DF_E_2291670.flac,fake,8.354020
DF_E_2289265.flac,fake,8.344554
DF_E_2451175.flac,fake,8.467571
DF_E_2354845.flac,fake,7.934981
DF_E_2401482.flac,fake,8.396344
DF_E_2189926.flac,fake,8.458229
DF_E_2734917.flac,fake,8.411803
DF_E_2419644.flac,fake,8.410459
DF_E_2650065.flac,fake,8.436872
DF_E_2712615.flac,fake,8.454879
DF_E_2008873.flac,fake,8.384666
DF_E_2514330.flac,fake,8.462444
DF_E_2544522.flac,fake,8.461468
DF_E_2086871.flac,fake,8.369707
DF_E_2515482.flac,fake,8.471556
DF_E_2668491.flac,fake,8.466893
DF_E_2407409.flac,fake,8.383265
DF_E_2567620.flac,fake,8.427427
DF_E_2201953.flac,fake,8.336352
DF_E_2580868.flac,fake,8.358464
DF_E_2484648.flac,fake,8.341737
DF_E_2257931.flac,fake,8.370131
